sample_id,cluster_label
0.0,1
1.0,2
2.0,3
3.0,1
4.0,4
5.0,4
6.0,4
7.0,5
8.0,2
9.0,3
10.0,6
11.0,5
12.0,3
13.0,2
14.0,5
15.0,2
16.0,1
17.0,3
18.0,3
19.0,5
20.0,5
21.0,2
22.0,6
23.0,4
24.0,5
25.0,4
26.0,5
27.0,1
28.0,6
29.0,4
30.0,3
31.0,6
32.0,3
33.0,5
34.0,4
35.0,3
36.0,3
37.0,5
38.0,6
39.0,3
40.0,4
41.0,5
42.0,4
43.0,3
44.0,3
45.0,4
46.0,5
47.0,5
48.0,3
49.0,4
50.0,5
51.0,4
52.0,2
53.0,4
54.0,2
55.0,6
56.0,1
57.0,6
58.0,4
59.0,5
60.0,4
61.0,3
62.0,1
63.0,6
64.0,3
65.0,2
66.0,5
67.0,1
68.0,5
69.0,5
70.0,5
71.0,2
72.0,3
73.0,3
74.0,6
75.0,4
76.0,4
77.0,3
78.0,3
79.0,5
80.0,4
81.0,1
82.0,3
83.0,6
84.0,4
85.0,6
86.0,3
87.0,6
88.0,6
89.0,3
90.0,2
91.0,5
92.0,6
93.0,6
94.0,6
95.0,5
96.0,6
97.0,5
98.0,1
99.0,1
100.0,5
101.0,2
102.0,6
103.0,1
104.0,6
105.0,4
106.0,3
107.0,6
108.0,1
109.0,3
110.0,4
111.0,2
112.0,6
113.0,1
114.0,3
115.0,3
116.0,4
117.0,2
118.0,5
119.0,6
120.0,5
121.0,4
122.0,2
123.0,5
124.0,1
125.0,5
126.0,3
127.0,2
128.0,6
129.0,5
130.0,3
131.0,6
132.0,1
133.0,2
134.0,4
135.0,4
136.0,2
137.0,1
138.0,1
139.0,3
140.0,2
141.0,3
142.0,3
143.0,6
144.0,1
145.0,3
146.0,2
147.0,2
148.0,6
149.0,1
150.0,6
151.0,5
152.0,6
153.0,3
154.0,1
155.0,5
156.0,3
157.0,6
158.0,6
159.0,2
160.0,4
161.0,3
162.0,1
163.0,1
164.0,4
165.0,2
166.0,2
167.0,5
168.0,5
169.0,3
170.0,6
171.0,2
172.0,6
173.0,5
174.0,5
175.0,6
176.0,6
177.0,6
178.0,6
179.0,1
180.0,6
181.0,4
182.0,5
183.0,5
184.0,3
185.0,4
186.0,3
187.0,2
188.0,4
189.0,3
190.0,4
191.0,6
192.0,2
193.0,4
194.0,2
195.0,2
196.0,1
197.0,1
198.0,1
199.0,1
200.0,1
201.0,2
202.0,1
203.0,1
204.0,3
205.0,5
206.0,6
207.0,4
208.0,1
209.0,3
210.0,5
211.0,3
212.0,1
213.0,1
214.0,3
215.0,5
216.0,6
217.0,4
218.0,3
219.0,4
220.0,1
221.0,4
222.0,3
223.0,2
224.0,6
225.0,3
226.0,4
227.0,6
228.0,4
229.0,6
230.0,6
231.0,5
232.0,5
233.0,2
234.0,5
235.0,1
236.0,2
237.0,2
238.0,4
239.0,1
240.0,4
241.0,6
242.0,1
243.0,3
244.0,1
245.0,6
246.0,4
247.0,1
248.0,2
249.0,4
250.0,2
251.0,3
252.0,2
253.0,2
254.0,2
255.0,3
256.0,1
257.0,3
258.0,5
259.0,1
260.0,4
261.0,1
262.0,4
263.0,1
264.0,3
265.0,3
266.0,4
267.0,3
268.0,2
269.0,2
270.0,2
271.0,6
272.0,5
273.0,1
274.0,2
275.0,6
276.0,1
277.0,3
278.0,4
279.0,1
280.0,1
281.0,4
282.0,6
283.0,2
284.0,5
285.0,1
286.0,2
287.0,4
288.0,5
289.0,5
290.0,1
291.0,3
292.0,4
293.0,4
294.0,3
295.0,2
296.0,3
297.0,4
298.0,4
299.0,3
300.0,2
301.0,3
302.0,2
303.0,3
304.0,3
305.0,3
306.0,3
307.0,6
308.0,6
309.0,6
310.0,1
311.0,2
312.0,3
313.0,5
314.0,1
315.0,4
316.0,3
317.0,4
318.0,2
319.0,2
320.0,2
321.0,2
322.0,6
323.0,1
324.0,1
325.0,5
326.0,3
327.0,1
328.0,5
329.0,6
330.0,5
331.0,1
332.0,2
333.0,6
334.0,4
335.0,2
336.0,6
337.0,6
338.0,4
339.0,4
340.0,1
341.0,3
342.0,2
343.0,2
344.0,3
345.0,5
346.0,6
347.0,1
348.0,5
349.0,1
350.0,1
351.0,1
352.0,4
353.0,5
354.0,2
355.0,1
356.0,2
357.0,3
358.0,4
359.0,2
360.0,3
361.0,6
362.0,1
363.0,1
364.0,5
365.0,3
366.0,2
367.0,4
368.0,1
369.0,1
370.0,6
371.0,3
372.0,1
373.0,5
374.0,6
375.0,3
376.0,6
377.0,1
378.0,-1
379.0,1
380.0,5
381.0,2
382.0,6
383.0,5
384.0,4
385.0,4
386.0,2
387.0,4
388.0,4
389.0,2
390.0,1
391.0,6
392.0,3
393.0,2
394.0,3
395.0,4
396.0,4
397.0,1
398.0,4
399.0,6
400.0,5
401.0,2
402.0,6
403.0,4
404.0,3
405.0,3
406.0,6
407.0,3
408.0,1
409.0,4
410.0,1
411.0,6
412.0,5
413.0,1
414.0,3
415.0,3
416.0,2
417.0,3
418.0,4
419.0,6
420.0,2
421.0,3
422.0,5
423.0,3
424.0,2
425.0,4
426.0,2
427.0,4
428.0,4
429.0,6
430.0,6
431.0,6
432.0,1
433.0,1
434.0,6
435.0,2
436.0,2
437.0,4
438.0,2
439.0,3
440.0,6
441.0,6
442.0,4
443.0,3
444.0,1
445.0,3
446.0,2
447.0,1
448.0,2
449.0,6
450.0,4
451.0,1
452.0,3
453.0,6
454.0,5
455.0,6
456.0,2
457.0,3
458.0,5
459.0,1
460.0,3
461.0,5
462.0,2
463.0,6
464.0,4
465.0,2
466.0,5
467.0,2
468.0,1
469.0,2
470.0,2
471.0,1
472.0,3
473.0,2
474.0,3
475.0,2
476.0,5
477.0,4
478.0,6
479.0,2
480.0,5
481.0,1
482.0,4
483.0,3
484.0,1
485.0,6
486.0,2
487.0,2
488.0,5
489.0,-1
490.0,3
491.0,1
492.0,2
493.0,5
494.0,4
495.0,2
496.0,1
497.0,6
498.0,4
499.0,3
500.0,4
501.0,1
502.0,6
503.0,2
504.0,2
505.0,4
506.0,1
507.0,6
508.0,4
509.0,3
510.0,3
511.0,6
512.0,6
513.0,6
514.0,2
515.0,6
516.0,6
517.0,1
518.0,2
519.0,6
520.0,5
521.0,4
522.0,5
523.0,5
524.0,2
525.0,6
526.0,2
527.0,5
528.0,4
529.0,4
530.0,2
531.0,6
532.0,4
533.0,5
534.0,4
535.0,1
536.0,5
537.0,4
538.0,4
539.0,5
540.0,2
541.0,5
542.0,3
543.0,1
544.0,3
545.0,3
546.0,4
547.0,3
548.0,4
549.0,6
550.0,4
551.0,3
552.0,1
553.0,2
554.0,4
555.0,6
556.0,4
557.0,6
558.0,2
559.0,3
560.0,1
561.0,4
562.0,6
563.0,5
564.0,5
565.0,6
566.0,6
567.0,2
568.0,6
569.0,5
570.0,3
571.0,3
572.0,2
573.0,6
574.0,2
575.0,5
576.0,4
577.0,3
578.0,5
579.0,4
580.0,6
581.0,6
582.0,2
583.0,4
584.0,3
585.0,5
586.0,6
587.0,1
588.0,2
589.0,6
590.0,4
591.0,1
592.0,3
593.0,3
594.0,3
595.0,2
596.0,6
597.0,5
598.0,6
599.0,1
600.0,6
601.0,5
602.0,2
603.0,3
604.0,3
605.0,4
606.0,4
607.0,1
608.0,1
609.0,1
610.0,2
611.0,6
612.0,4
613.0,2
614.0,1
615.0,4
616.0,6
617.0,1
618.0,5
619.0,6
620.0,1
621.0,1
622.0,5
623.0,1
624.0,4
625.0,2
626.0,6
627.0,1
628.0,1
629.0,5
630.0,5
631.0,4
632.0,5
633.0,4
634.0,6
635.0,6
636.0,1
637.0,5
638.0,2
639.0,1
640.0,3
641.0,3
642.0,2
643.0,1
644.0,6
645.0,1
646.0,5
647.0,6
648.0,5
649.0,3
650.0,3
651.0,3
652.0,1
653.0,2
654.0,5
655.0,3
656.0,4
657.0,3
658.0,3
659.0,4
660.0,3
661.0,4
662.0,3
663.0,4
664.0,5
665.0,5
666.0,1
667.0,5
668.0,2
669.0,3
670.0,6
671.0,4
672.0,6
673.0,3
674.0,6
675.0,4
676.0,4
677.0,2
678.0,4
679.0,2
680.0,6
681.0,5
682.0,1
683.0,2
684.0,6
685.0,1
686.0,6
687.0,4
688.0,6
689.0,6
690.0,2
691.0,3
692.0,6
693.0,3
694.0,4
695.0,2
696.0,4
697.0,3
698.0,3
699.0,5
700.0,1
701.0,4
702.0,4
703.0,5
704.0,2
705.0,4
706.0,3
707.0,6
708.0,2
709.0,6
710.0,6
711.0,4
712.0,3
713.0,3
714.0,1
715.0,6
716.0,3
717.0,4
718.0,3
719.0,4
720.0,1
721.0,4
722.0,5
723.0,5
724.0,3
725.0,2
726.0,4
727.0,4
728.0,4
729.0,2
730.0,6
731.0,1
732.0,6
733.0,1
734.0,3
735.0,4
736.0,4
737.0,3
738.0,6
739.0,2
740.0,3
741.0,1
742.0,5
743.0,5
744.0,3
745.0,2
746.0,6
747.0,2
748.0,3
749.0,2
750.0,1
751.0,5
752.0,6
753.0,4
754.0,1
755.0,3
756.0,3
757.0,3
758.0,1
759.0,2
760.0,6
761.0,2
762.0,4
763.0,1
764.0,5
765.0,1
766.0,4
767.0,2
768.0,6
769.0,2
770.0,1
771.0,3
772.0,6
773.0,1
774.0,2
775.0,4
776.0,2
777.0,2
778.0,2
779.0,6
780.0,3
781.0,2
782.0,3
783.0,5
784.0,2
785.0,6
786.0,5
787.0,3
788.0,5
789.0,3
790.0,1
791.0,1
792.0,3
793.0,4
794.0,6
795.0,5
796.0,4
797.0,2
798.0,1
799.0,2
800.0,5
801.0,2
802.0,6
803.0,3
804.0,2
805.0,3
806.0,1
807.0,3
808.0,1
809.0,3
810.0,5
811.0,1
812.0,6
813.0,2
814.0,3
815.0,6
816.0,2
817.0,1
818.0,2
819.0,1
820.0,3
821.0,2
822.0,5
823.0,6
824.0,4
825.0,6
826.0,4
827.0,6
828.0,3
829.0,5
830.0,5
831.0,6
832.0,5
833.0,2
834.0,4
835.0,1
836.0,2
837.0,2
838.0,4
839.0,1
840.0,2
841.0,3
842.0,6
843.0,1
844.0,3
845.0,4
846.0,1
847.0,6
848.0,6
849.0,5
850.0,6
851.0,6
852.0,4
853.0,3
854.0,4
855.0,2
856.0,1
857.0,3
858.0,1
859.0,6
860.0,3
861.0,6
862.0,4
863.0,2
864.0,1
865.0,1
866.0,3
867.0,4
868.0,6
869.0,2
870.0,1
871.0,1
872.0,4
873.0,3
874.0,3
875.0,1
876.0,3
877.0,3
878.0,3
879.0,2
880.0,2
881.0,2
882.0,1
883.0,2
884.0,4
885.0,4
886.0,2
887.0,2
888.0,4
889.0,2
890.0,4
891.0,2
892.0,3
893.0,2
894.0,6
895.0,5
896.0,2
897.0,1
898.0,6
899.0,1
900.0,2
901.0,1
902.0,6
903.0,4
904.0,1
905.0,6
906.0,1
907.0,3
908.0,2
909.0,3
910.0,3
911.0,3
912.0,1
913.0,5
914.0,3
915.0,6
916.0,2
917.0,6
918.0,6
919.0,2
920.0,5
921.0,1
922.0,1
923.0,6
924.0,1
925.0,1
926.0,4
927.0,2
928.0,3
929.0,2
930.0,6
931.0,5
932.0,2
933.0,4
934.0,4
935.0,5
936.0,1
937.0,4
938.0,4
939.0,4
940.0,3
941.0,4
942.0,3
943.0,3
944.0,1
945.0,6
946.0,3
947.0,1
948.0,2
949.0,3
950.0,4
951.0,1
952.0,1
953.0,3
954.0,1
955.0,2
956.0,3
957.0,3
958.0,3
959.0,1
960.0,6
961.0,1
962.0,6
963.0,3
964.0,1
965.0,1
966.0,5
967.0,5
968.0,4
969.0,3
970.0,1
971.0,6
972.0,5
973.0,6
974.0,3
975.0,5
976.0,3
977.0,6
978.0,5
979.0,5
980.0,2
981.0,3
982.0,2
983.0,1
984.0,5
985.0,6
986.0,2
987.0,4
988.0,4
989.0,1
990.0,4
991.0,4
992.0,1
993.0,6
994.0,6
995.0,5
996.0,6
997.0,6
998.0,4
999.0,2
1000.0,6
1001.0,4
1002.0,6
1003.0,4
1004.0,6
1005.0,2
1006.0,2
1007.0,4
1008.0,2
1009.0,5
1010.0,4
1011.0,5
1012.0,3
1013.0,4
1014.0,3
1015.0,4
1016.0,3
1017.0,4
1018.0,3
1019.0,1
1020.0,6
1021.0,6
1022.0,5
1023.0,6
1024.0,5
1025.0,4
1026.0,1
1027.0,5
1028.0,6
1029.0,4
1030.0,5
1031.0,3
1032.0,2
1033.0,4
1034.0,6
1035.0,4
1036.0,1
1037.0,6
1038.0,-1
1039.0,5
1040.0,2
1041.0,2
1042.0,2
1043.0,1
1044.0,1
1045.0,4
1046.0,4
1047.0,6
1048.0,5
1049.0,3
1050.0,3
1051.0,4
1052.0,5
1053.0,1
1054.0,3
1055.0,6
1056.0,1
1057.0,-1
1058.0,6
1059.0,2
1060.0,4
1061.0,3
1062.0,6
1063.0,4
1064.0,1
1065.0,1
1066.0,2
1067.0,6
1068.0,6
1069.0,6
1070.0,1
1071.0,2
1072.0,1
1073.0,4
1074.0,3
1075.0,4
1076.0,2
1077.0,5
1078.0,1
1079.0,2
1080.0,6
1081.0,3
1082.0,5
1083.0,5
1084.0,4
1085.0,5
1086.0,1
1087.0,4
1088.0,3
1089.0,2
1090.0,6
1091.0,4
1092.0,4
1093.0,3
1094.0,4
1095.0,2
1096.0,3
1097.0,6
1098.0,3
1099.0,5
1100.0,1
1101.0,1
1102.0,6
1103.0,1
1104.0,3
1105.0,5
1106.0,5
1107.0,6
1108.0,5
1109.0,5
1110.0,3
1111.0,5
1112.0,5
1113.0,3
1114.0,4
1115.0,2
1116.0,5
1117.0,4
1118.0,3
1119.0,5
1120.0,6
1121.0,5
1122.0,5
1123.0,3
1124.0,4
1125.0,4
1126.0,2
1127.0,2
1128.0,1
1129.0,6
1130.0,1
1131.0,5
1132.0,2
1133.0,6
1134.0,1
1135.0,4
1136.0,3
1137.0,1
1138.0,3
1139.0,5
1140.0,2
1141.0,2
1142.0,6
1143.0,3
1144.0,1
1145.0,5
1146.0,6
1147.0,1
1148.0,1
1149.0,5
1150.0,1
1151.0,6
1152.0,1
1153.0,5
1154.0,5
1155.0,6
1156.0,6
1157.0,3
1158.0,3
1159.0,6
1160.0,4
1161.0,1
1162.0,2
1163.0,4
1164.0,6
1165.0,4
1166.0,4
1167.0,1
1168.0,2
1169.0,6
1170.0,1
1171.0,5
1172.0,3
1173.0,5
1174.0,4
1175.0,2
1176.0,1
1177.0,3
1178.0,1
1179.0,1
1180.0,2
1181.0,1
1182.0,3
1183.0,5
1184.0,3
1185.0,1
1186.0,3
1187.0,1
1188.0,3
1189.0,6
1190.0,2
1191.0,6
1192.0,6
1193.0,6
1194.0,6
1195.0,3
1196.0,5
1197.0,6
1198.0,2
1199.0,1
1200.0,4
1201.0,2
1202.0,2
1203.0,5
1204.0,5
1205.0,4
1206.0,2
1207.0,4
1208.0,6
1209.0,1
1210.0,6
1211.0,5
1212.0,1
1213.0,4
1214.0,4
1215.0,5
1216.0,2
1217.0,3
1218.0,3
1219.0,1
1220.0,1
1221.0,1
1222.0,3
1223.0,6
1224.0,2
1225.0,5
1226.0,4
1227.0,4
1228.0,1
1229.0,6
1230.0,3
1231.0,3
1232.0,3
1233.0,1
1234.0,6
1235.0,2
1236.0,5
1237.0,5
1238.0,3
1239.0,2
1240.0,1
1241.0,6
1242.0,2
1243.0,2
1244.0,2
1245.0,3
1246.0,3
1247.0,6
1248.0,4
1249.0,4
1250.0,1
1251.0,5
1252.0,6
1253.0,1
1254.0,6
1255.0,5
1256.0,2
1257.0,4
1258.0,1
1259.0,2
1260.0,5
1261.0,6
1262.0,3
1263.0,6
1264.0,4
1265.0,6
1266.0,2
1267.0,1
1268.0,2
1269.0,3
1270.0,6
1271.0,5
1272.0,2
1273.0,3
1274.0,6
1275.0,1
1276.0,4
1277.0,4
1278.0,1
1279.0,5
1280.0,2
1281.0,2
1282.0,1
1283.0,5
1284.0,5
1285.0,2
1286.0,2
1287.0,1
1288.0,3
1289.0,3
1290.0,4
1291.0,6
1292.0,3
1293.0,3
1294.0,6
1295.0,1
1296.0,2
1297.0,6
1298.0,6
1299.0,5
1300.0,6
1301.0,6
1302.0,3
1303.0,6
1304.0,5
1305.0,6
1306.0,1
1307.0,1
1308.0,1
1309.0,5
1310.0,4
1311.0,5
1312.0,3
1313.0,3
1314.0,4
1315.0,4
1316.0,1
1317.0,5
1318.0,1
1319.0,5
1320.0,3
1321.0,2
1322.0,5
1323.0,3
1324.0,2
1325.0,4
1326.0,2
1327.0,5
1328.0,5
1329.0,2
1330.0,6
1331.0,1
1332.0,5
1333.0,4
1334.0,6
1335.0,6
1336.0,5
1337.0,3
1338.0,5
1339.0,2
1340.0,6
1341.0,1
1342.0,4
1343.0,4
1344.0,5
1345.0,1
1346.0,1
1347.0,5
1348.0,5
1349.0,4
1350.0,4
1351.0,2
1352.0,2
1353.0,5
1354.0,2
1355.0,2
1356.0,3
1357.0,5
1358.0,3
1359.0,6
1360.0,2
1361.0,2
1362.0,4
1363.0,4
1364.0,3
1365.0,4
1366.0,4
1367.0,2
1368.0,4
1369.0,4
1370.0,6
1371.0,4
1372.0,3
1373.0,1
1374.0,6
1375.0,1
1376.0,4
1377.0,3
1378.0,6
1379.0,6
1380.0,2
1381.0,4
1382.0,6
1383.0,6
1384.0,2
1385.0,2
1386.0,4
1387.0,1
1388.0,6
1389.0,4
1390.0,3
1391.0,3
1392.0,5
1393.0,1
1394.0,2
1395.0,6
1396.0,3
1397.0,5
1398.0,1
1399.0,2
1400.0,1
1401.0,3
1402.0,3
1403.0,2
1404.0,1
1405.0,2
1406.0,2
1407.0,6
1408.0,4
1409.0,5
1410.0,3
1411.0,2
1412.0,3
1413.0,6
1414.0,5
1415.0,3
1416.0,6
1417.0,1
1418.0,6
1419.0,1
1420.0,2
1421.0,3
1422.0,4
1423.0,3
1424.0,1
1425.0,6
1426.0,4
1427.0,1
1428.0,6
1429.0,1
1430.0,6
1431.0,5
1432.0,2
1433.0,6
1434.0,3
1435.0,6
1436.0,6
1437.0,4
1438.0,4
1439.0,5
1440.0,1
1441.0,6
1442.0,1
1443.0,5
1444.0,2
1445.0,4
1446.0,3
1447.0,3
1448.0,4
1449.0,4
1450.0,2
1451.0,3
1452.0,5
1453.0,4
1454.0,6
1455.0,4
1456.0,1
1457.0,5
1458.0,5
1459.0,1
1460.0,4
1461.0,6
1462.0,6
1463.0,6
1464.0,-1
1465.0,2
1466.0,1
1467.0,6
1468.0,3
1469.0,6
1470.0,3
1471.0,2
1472.0,5
1473.0,6
1474.0,3
1475.0,3
1476.0,3
1477.0,4
1478.0,3
1479.0,6
1480.0,6
1481.0,3
1482.0,3
1483.0,6
1484.0,6
1485.0,1
1486.0,6
1487.0,4
1488.0,6
1489.0,5
1490.0,5
1491.0,4
1492.0,6
1493.0,4
1494.0,4
1495.0,6
1496.0,2
1497.0,6
1498.0,5
1499.0,3
1500.0,5
1501.0,6
1502.0,4
1503.0,1
1504.0,5
1505.0,1
1506.0,1
1507.0,2
1508.0,3
1509.0,5
1510.0,2
1511.0,1
1512.0,6
1513.0,4
1514.0,4
1515.0,6
1516.0,3
1517.0,6
1518.0,1
1519.0,2
1520.0,1
1521.0,1
1522.0,4
1523.0,5
1524.0,2
1525.0,6
1526.0,4
1527.0,1
1528.0,2
1529.0,5
1530.0,3
1531.0,2
1532.0,2
1533.0,3
1534.0,4
1535.0,4
1536.0,4
1537.0,4
1538.0,6
1539.0,3
1540.0,1
1541.0,5
1542.0,3
1543.0,5
1544.0,4
1545.0,3
1546.0,6
1547.0,5
1548.0,1
1549.0,1
1550.0,2
1551.0,2
1552.0,1
1553.0,4
1554.0,4
1555.0,3
1556.0,6
1557.0,1
1558.0,6
1559.0,3
1560.0,4
1561.0,5
1562.0,2
1563.0,3
1564.0,5
1565.0,5
1566.0,-1
1567.0,4
1568.0,3
1569.0,4
1570.0,6
1571.0,2
1572.0,5
1573.0,6
1574.0,6
1575.0,2
1576.0,2
1577.0,5
1578.0,6
1579.0,1
1580.0,6
1581.0,4
1582.0,1
1583.0,1
1584.0,2
1585.0,1
1586.0,2
1587.0,4
1588.0,5
1589.0,1
1590.0,1
1591.0,5
1592.0,5
1593.0,1
1594.0,2
1595.0,3
1596.0,2
1597.0,2
1598.0,2
1599.0,2
1600.0,3
1601.0,4
1602.0,3
1603.0,3
1604.0,4
1605.0,2
1606.0,6
1607.0,3
1608.0,5
1609.0,6
1610.0,1
1611.0,5
1612.0,6
1613.0,5
1614.0,1
1615.0,3
1616.0,3
1617.0,5
1618.0,1
1619.0,3
1620.0,3
1621.0,4
1622.0,5
1623.0,5
1624.0,2
1625.0,4
1626.0,6
1627.0,2
1628.0,1
1629.0,5
1630.0,1
1631.0,3
1632.0,4
1633.0,1
1634.0,4
1635.0,6
1636.0,2
1637.0,1
1638.0,5
1639.0,4
1640.0,6
1641.0,3
1642.0,5
1643.0,3
1644.0,1
1645.0,1
1646.0,2
1647.0,2
1648.0,6
1649.0,2
1650.0,3
1651.0,5
1652.0,6
1653.0,1
1654.0,4
1655.0,6
1656.0,1
1657.0,2
1658.0,6
1659.0,5
1660.0,1
1661.0,4
1662.0,5
1663.0,4
1664.0,4
1665.0,2
1666.0,2
1667.0,2
1668.0,3
1669.0,5
1670.0,4
1671.0,3
1672.0,1
1673.0,4
1674.0,2
1675.0,3
1676.0,4
1677.0,4
1678.0,4
1679.0,2
1680.0,6
1681.0,6
1682.0,4
1683.0,1
1684.0,3
1685.0,2
1686.0,3
1687.0,3
1688.0,4
1689.0,5
1690.0,6
1691.0,1
1692.0,5
1693.0,3
1694.0,1
1695.0,1
1696.0,2
1697.0,6
1698.0,1
1699.0,4
1700.0,6
1701.0,6
1702.0,3
1703.0,4
1704.0,3
1705.0,3
1706.0,2
1707.0,2
1708.0,6
1709.0,4
1710.0,1
1711.0,4
1712.0,5
1713.0,5
1714.0,2
1715.0,5
1716.0,2
1717.0,3
1718.0,3
1719.0,5
1720.0,4
1721.0,3
1722.0,6
1723.0,4
1724.0,3
1725.0,4
1726.0,4
1727.0,5
1728.0,3
1729.0,3
1730.0,5
1731.0,2
1732.0,2
1733.0,6
1734.0,2
1735.0,6
1736.0,4
1737.0,1
1738.0,5
1739.0,6
1740.0,4
1741.0,6
1742.0,1
1743.0,1
1744.0,6
1745.0,1
1746.0,4
1747.0,2
1748.0,1
1749.0,5
1750.0,5
1751.0,1
1752.0,6
1753.0,4
1754.0,4
1755.0,5
1756.0,2
1757.0,4
1758.0,2
1759.0,3
1760.0,4
1761.0,1
1762.0,2
1763.0,3
1764.0,6
1765.0,6
1766.0,4
1767.0,1
1768.0,3
1769.0,6
1770.0,2
1771.0,4
1772.0,3
1773.0,2
1774.0,2
1775.0,1
1776.0,2
1777.0,4
1778.0,4
1779.0,4
1780.0,5
1781.0,2
1782.0,5
1783.0,2
1784.0,5
1785.0,4
1786.0,4
1787.0,6
1788.0,4
1789.0,1
1790.0,6
1791.0,5
1792.0,2
1793.0,4
1794.0,1
1795.0,3
1796.0,1
1797.0,4
1798.0,1
1799.0,2
1800.0,2
1801.0,3
1802.0,3
1803.0,1
1804.0,3
1805.0,6
1806.0,2
1807.0,2
1808.0,2
1809.0,4
1810.0,6
1811.0,5
1812.0,6
1813.0,1
1814.0,6
1815.0,6
1816.0,5
1817.0,5
1818.0,6
1819.0,6
1820.0,1
1821.0,6
1822.0,5
1823.0,2
1824.0,4
1825.0,5
1826.0,2
1827.0,2
1828.0,2
1829.0,4
1830.0,2
1831.0,4
1832.0,2
1833.0,4
1834.0,5
1835.0,3
1836.0,2
1837.0,3
1838.0,3
1839.0,2
1840.0,4
1841.0,1
1842.0,3
1843.0,3
1844.0,4
1845.0,6
1846.0,2
1847.0,1
1848.0,1
1849.0,2
1850.0,1
1851.0,6
1852.0,3
1853.0,1
1854.0,3
1855.0,2
1856.0,5
1857.0,3
1858.0,5
1859.0,1
1860.0,4
1861.0,5
1862.0,2
1863.0,3
1864.0,4
1865.0,6
1866.0,1
1867.0,4
1868.0,2
1869.0,6
1870.0,6
1871.0,3
1872.0,5
1873.0,1
1874.0,6
1875.0,5
1876.0,5
1877.0,3
1878.0,4
1879.0,6
1880.0,5
1881.0,1
1882.0,1
1883.0,4
1884.0,6
1885.0,6
1886.0,2
1887.0,4
1888.0,5
1889.0,3
1890.0,4
1891.0,2
1892.0,1
1893.0,5
1894.0,6
1895.0,6
1896.0,3
1897.0,1
1898.0,4
1899.0,1
1900.0,3
1901.0,4
1902.0,6
1903.0,4
1904.0,4
1905.0,3
1906.0,4
1907.0,3
1908.0,5
1909.0,2
1910.0,5
1911.0,1
1912.0,5
1913.0,1
1914.0,4
1915.0,6
1916.0,5
1917.0,2
1918.0,4
1919.0,2
1920.0,1
1921.0,5
1922.0,4
1923.0,3
1924.0,1
1925.0,5
1926.0,1
1927.0,5
1928.0,2
1929.0,5
1930.0,1
1931.0,2
1932.0,3
1933.0,6
1934.0,5
1935.0,4
1936.0,2
1937.0,2
1938.0,2
1939.0,6
1940.0,6
1941.0,3
1942.0,2
1943.0,6
1944.0,1
1945.0,6
1946.0,3
1947.0,1
1948.0,1
1949.0,5
1950.0,5
1951.0,4
1952.0,2
1953.0,5
1954.0,2
1955.0,5
1956.0,2
1957.0,6
1958.0,5
1959.0,4
1960.0,6
1961.0,1
1962.0,5
1963.0,6
1964.0,3
1965.0,1
1966.0,3
1967.0,3
1968.0,1
1969.0,1
1970.0,5
1971.0,3
1972.0,4
1973.0,4
1974.0,1
1975.0,2
1976.0,4
1977.0,3
1978.0,2
1979.0,3
1980.0,6
1981.0,2
1982.0,6
1983.0,3
1984.0,2
1985.0,6
1986.0,2
1987.0,4
1988.0,2
1989.0,1
1990.0,2
1991.0,2
1992.0,5
1993.0,5
1994.0,5
1995.0,5
1996.0,1
1997.0,1
1998.0,3
1999.0,6
2000.0,1
2001.0,1
2002.0,6
2003.0,6
2004.0,6
2005.0,2
2006.0,5
2007.0,5
2008.0,-1
2009.0,5
2010.0,6
2011.0,6
2012.0,6
2013.0,4
2014.0,1
2015.0,6
2016.0,1
2017.0,4
2018.0,4
2019.0,5
2020.0,2
2021.0,4
2022.0,5
2023.0,1
2024.0,3
2025.0,5
2026.0,3
2027.0,5
2028.0,6
2029.0,5
2030.0,4
2031.0,3
2032.0,4
2033.0,2
2034.0,6
2035.0,5
2036.0,1
2037.0,2
2038.0,3
2039.0,2
2040.0,3
2041.0,6
2042.0,1
2043.0,5
2044.0,1
2045.0,5
2046.0,4
2047.0,4
2048.0,4
2049.0,1
2050.0,4
2051.0,5
2052.0,1
2053.0,4
2054.0,5
2055.0,4
2056.0,6
2057.0,4
2058.0,4
2059.0,4
2060.0,2
2061.0,4
2062.0,4
2063.0,6
2064.0,4
2065.0,2
2066.0,2
2067.0,1
2068.0,3
2069.0,1
2070.0,1
2071.0,1
2072.0,3
2073.0,6
2074.0,6
2075.0,5
2076.0,4
2077.0,4
2078.0,5
2079.0,4
2080.0,6
2081.0,3
2082.0,6
2083.0,1
2084.0,3
2085.0,1
2086.0,5
2087.0,2
2088.0,2
2089.0,3
2090.0,3
2091.0,1
2092.0,3
2093.0,1
2094.0,6
2095.0,2
2096.0,1
2097.0,4
2098.0,1
2099.0,5
2100.0,1
2101.0,3
2102.0,1
2103.0,4
2104.0,4
2105.0,1
2106.0,5
2107.0,1
2108.0,4
2109.0,1
2110.0,6
2111.0,3
2112.0,4
2113.0,3
2114.0,3
2115.0,4
2116.0,4
2117.0,3
2118.0,6
2119.0,4
2120.0,3
2121.0,1
2122.0,5
2123.0,3
2124.0,3
2125.0,2
2126.0,1
2127.0,4
2128.0,3
2129.0,5
2130.0,4
2131.0,5
2132.0,3
2133.0,1
2134.0,1
2135.0,2
2136.0,6
2137.0,1
2138.0,6
2139.0,2
2140.0,2
2141.0,1
2142.0,4
2143.0,4
2144.0,3
2145.0,1
2146.0,1
2147.0,4
2148.0,4
2149.0,3
2150.0,5
2151.0,2
2152.0,5
2153.0,4
2154.0,2
2155.0,3
2156.0,5
2157.0,5
2158.0,1
2159.0,3
2160.0,2
2161.0,6
2162.0,5
2163.0,5
2164.0,5
2165.0,4
2166.0,2
2167.0,3
2168.0,5
2169.0,6
2170.0,5
2171.0,4
2172.0,1
2173.0,6
2174.0,6
2175.0,1
2176.0,3
2177.0,1
2178.0,2
2179.0,5
2180.0,1
2181.0,1
2182.0,2
2183.0,5
2184.0,4
2185.0,2
2186.0,2
2187.0,4
2188.0,1
2189.0,2
2190.0,5
2191.0,6
2192.0,1
2193.0,5
2194.0,4
2195.0,1
2196.0,5
2197.0,5
2198.0,2
2199.0,2
2200.0,5
2201.0,5
2202.0,5
2203.0,2
2204.0,1
2205.0,5
2206.0,3
2207.0,6
2208.0,4
2209.0,4
2210.0,1
2211.0,3
2212.0,6
2213.0,1
2214.0,2
2215.0,6
2216.0,1
2217.0,2
2218.0,3
2219.0,3
2220.0,6
2221.0,6
2222.0,2
2223.0,3
2224.0,3
2225.0,1
2226.0,2
2227.0,6
2228.0,2
2229.0,4
2230.0,5
2231.0,6
2232.0,4
2233.0,2
2234.0,2
2235.0,5
2236.0,6
2237.0,6
2238.0,6
2239.0,2
2240.0,3
2241.0,3
2242.0,4
2243.0,2
2244.0,6
2245.0,6
2246.0,3
2247.0,1
2248.0,5
2249.0,1
2250.0,1
2251.0,6
2252.0,6
2253.0,3
2254.0,5
2255.0,1
2256.0,6
2257.0,5
2258.0,2
2259.0,4
2260.0,2
2261.0,6
2262.0,5
2263.0,6
2264.0,2
2265.0,1
2266.0,4
2267.0,5
2268.0,4
2269.0,2
2270.0,3
2271.0,5
2272.0,6
2273.0,4
2274.0,5
2275.0,1
2276.0,2
2277.0,4
2278.0,3
2279.0,3
2280.0,6
2281.0,1
2282.0,1
2283.0,6
2284.0,3
2285.0,5
2286.0,1
2287.0,2
2288.0,4
2289.0,2
2290.0,5
2291.0,4
2292.0,6
2293.0,2
2294.0,4
2295.0,4
2296.0,1
2297.0,1
2298.0,3
2299.0,6
2300.0,4
2301.0,3
2302.0,6
2303.0,6
2304.0,6
2305.0,4
2306.0,3
2307.0,6
2308.0,4
2309.0,3
2310.0,3
2311.0,2
2312.0,2
2313.0,6
2314.0,2
2315.0,3
2316.0,1
2317.0,4
2318.0,1
2319.0,4
2320.0,2
2321.0,6
2322.0,6
2323.0,6
2324.0,5
2325.0,1
2326.0,4
2327.0,3
2328.0,4
2329.0,5
2330.0,5
2331.0,3
2332.0,1
2333.0,6
2334.0,2
2335.0,6
2336.0,6
2337.0,3
2338.0,3
2339.0,4
2340.0,5
2341.0,6
2342.0,1
2343.0,2
2344.0,2
2345.0,3
2346.0,1
2347.0,3
2348.0,1
2349.0,2
2350.0,3
2351.0,6
2352.0,3
2353.0,6
2354.0,2
2355.0,4
2356.0,2
2357.0,1
2358.0,3
2359.0,1
2360.0,5
2361.0,4
2362.0,2
2363.0,4
2364.0,3
2365.0,4
2366.0,4
2367.0,1
2368.0,1
2369.0,3
2370.0,3
2371.0,5
2372.0,6
2373.0,2
2374.0,1
2375.0,6
2376.0,5
2377.0,3
2378.0,5
2379.0,1
2380.0,3
2381.0,4
2382.0,6
2383.0,4
2384.0,4
2385.0,1
2386.0,6
2387.0,2
2388.0,6
2389.0,6
2390.0,1
2391.0,1
2392.0,5
2393.0,5
2394.0,4
2395.0,2
2396.0,6
2397.0,4
2398.0,5
2399.0,2
2400.0,3
2401.0,4
2402.0,6
2403.0,6
2404.0,5
2405.0,5
2406.0,4
2407.0,5
2408.0,3
2409.0,5
2410.0,2
2411.0,1
2412.0,2
2413.0,2
2414.0,6
2415.0,6
2416.0,2
2417.0,2
2418.0,3
2419.0,1
2420.0,4
2421.0,6
2422.0,5
2423.0,2
2424.0,2
2425.0,3
2426.0,4
2427.0,2
2428.0,5
2429.0,1
2430.0,4
2431.0,6
2432.0,1
2433.0,5
2434.0,3
2435.0,3
2436.0,2
2437.0,1
2438.0,3
2439.0,6
2440.0,1
2441.0,4
2442.0,1
2443.0,5
2444.0,4
2445.0,4
2446.0,6
2447.0,2
2448.0,4
2449.0,5
2450.0,2
2451.0,3
2452.0,4
2453.0,2
2454.0,2
2455.0,5
2456.0,1
2457.0,1
2458.0,4
2459.0,3
2460.0,3
2461.0,3
2462.0,3
2463.0,1
2464.0,4
2465.0,2
2466.0,6
2467.0,2
2468.0,2
2469.0,5
2470.0,3
2471.0,2
2472.0,3
2473.0,5
2474.0,4
2475.0,2
2476.0,2
2477.0,3
2478.0,6
2479.0,1
2480.0,2
2481.0,2
2482.0,3
2483.0,2
2484.0,2
2485.0,2
2486.0,2
2487.0,4
2488.0,5
2489.0,2
2490.0,4
2491.0,1
2492.0,2
2493.0,5
2494.0,6
2495.0,6
2496.0,2
2497.0,1
2498.0,6
2499.0,5
2500.0,6
2501.0,2
2502.0,4
2503.0,3
2504.0,1
2505.0,2
2506.0,4
2507.0,3
2508.0,1
2509.0,6
2510.0,1
2511.0,1
2512.0,6
2513.0,3
2514.0,1
2515.0,1
2516.0,4
2517.0,5
2518.0,5
2519.0,4
2520.0,5
2521.0,2
2522.0,4
2523.0,6
2524.0,5
2525.0,5
2526.0,1
2527.0,5
2528.0,1
2529.0,2
2530.0,4
2531.0,3
2532.0,3
2533.0,1
2534.0,5
2535.0,3
2536.0,5
2537.0,2
2538.0,6
2539.0,3
2540.0,1
2541.0,5
2542.0,3
2543.0,1
2544.0,6
2545.0,1
2546.0,-1
2547.0,5
2548.0,2
2549.0,4
2550.0,5
2551.0,5
2552.0,3
2553.0,6
2554.0,5
2555.0,2
2556.0,6
2557.0,6
2558.0,3
2559.0,2
2560.0,1
2561.0,6
2562.0,6
2563.0,5
2564.0,1
2565.0,3
2566.0,1
2567.0,6
2568.0,4
2569.0,1
2570.0,3
2571.0,4
2572.0,4
2573.0,3
2574.0,3
2575.0,5
2576.0,5
2577.0,5
2578.0,6
2579.0,3
2580.0,6
2581.0,4
2582.0,4
2583.0,1
2584.0,6
2585.0,2
2586.0,4
2587.0,1
2588.0,1
2589.0,4
2590.0,5
2591.0,2
2592.0,6
2593.0,2
2594.0,2
2595.0,1
2596.0,1
2597.0,3
2598.0,1
2599.0,6
2600.0,3
2601.0,3
2602.0,2
2603.0,3
2604.0,1
2605.0,3
2606.0,5
2607.0,5
2608.0,4
2609.0,1
2610.0,4
2611.0,4
2612.0,5
2613.0,6
2614.0,2
2615.0,3
2616.0,3
2617.0,4
2618.0,3
2619.0,4
2620.0,3
2621.0,1
2622.0,4
2623.0,5
2624.0,4
2625.0,1
2626.0,6
2627.0,5
2628.0,3
2629.0,5
2630.0,4
2631.0,4
2632.0,4
2633.0,6
2634.0,4
2635.0,4
2636.0,4
2637.0,6
2638.0,4
2639.0,1
2640.0,5
2641.0,2
2642.0,2
2643.0,1
2644.0,6
2645.0,6
2646.0,5
2647.0,3
2648.0,1
2649.0,3
2650.0,2
2651.0,2
2652.0,5
2653.0,1
2654.0,4
2655.0,6
2656.0,1
2657.0,2
2658.0,4
2659.0,4
2660.0,4
2661.0,3
2662.0,5
2663.0,6
2664.0,5
2665.0,3
2666.0,1
2667.0,3
2668.0,4
2669.0,5
2670.0,1
2671.0,4
2672.0,1
2673.0,1
2674.0,4
2675.0,2
2676.0,3
2677.0,2
2678.0,3
2679.0,4
2680.0,1
2681.0,4
2682.0,4
2683.0,2
2684.0,6
2685.0,6
2686.0,4
2687.0,1
2688.0,2
2689.0,6
2690.0,6
2691.0,3
2692.0,1
2693.0,5
2694.0,2
2695.0,2
2696.0,5
2697.0,6
2698.0,6
2699.0,5
2700.0,1
2701.0,4
2702.0,1
2703.0,6
2704.0,2
2705.0,3
2706.0,5
2707.0,4
2708.0,5
2709.0,5
2710.0,5
2711.0,2
2712.0,5
2713.0,5
2714.0,6
2715.0,5
2716.0,6
2717.0,1
2718.0,6
2719.0,1
2720.0,1
2721.0,6
2722.0,5
2723.0,2
2724.0,2
2725.0,1
2726.0,1
2727.0,3
2728.0,6
2729.0,2
2730.0,4
2731.0,1
2732.0,6
2733.0,5
2734.0,4
2735.0,6
2736.0,1
2737.0,6
2738.0,4
2739.0,5
2740.0,5
2741.0,5
2742.0,2
2743.0,2
2744.0,2
2745.0,6
2746.0,4
2747.0,2
2748.0,4
2749.0,5
2750.0,4
2751.0,6
2752.0,5
2753.0,2
2754.0,2
2755.0,3
2756.0,5
2757.0,2
2758.0,4
2759.0,3
2760.0,4
2761.0,4
2762.0,2
2763.0,6
2764.0,4
2765.0,2
2766.0,1
2767.0,3
2768.0,3
2769.0,3
2770.0,6
2771.0,2
2772.0,5
2773.0,1
2774.0,4
2775.0,5
2776.0,5
2777.0,2
2778.0,3
2779.0,2
2780.0,1
2781.0,6
2782.0,4
2783.0,2
2784.0,6
2785.0,4
2786.0,4
2787.0,5
2788.0,6
2789.0,4
2790.0,1
2791.0,5
2792.0,1
2793.0,2
2794.0,3
2795.0,1
2796.0,4
2797.0,6
2798.0,6
2799.0,6
2800.0,6
2801.0,2
2802.0,1
2803.0,2
2804.0,4
2805.0,3
2806.0,5
2807.0,6
2808.0,1
2809.0,5
2810.0,4
2811.0,2
2812.0,3
2813.0,1
2814.0,2
2815.0,5
2816.0,6
2817.0,5
2818.0,5
2819.0,2
2820.0,6
2821.0,2
2822.0,4
2823.0,5
2824.0,4
2825.0,3
2826.0,3
2827.0,1
2828.0,6
2829.0,6
2830.0,6
2831.0,3
2832.0,3
2833.0,5
2834.0,3
2835.0,6
2836.0,4
2837.0,6
2838.0,3
2839.0,6
2840.0,6
2841.0,6
2842.0,1
2843.0,5
2844.0,4
2845.0,3
2846.0,1
2847.0,4
2848.0,1
2849.0,3
2850.0,5
2851.0,5
2852.0,4
2853.0,2
2854.0,4
2855.0,6
2856.0,6
2857.0,2
2858.0,4
2859.0,6
2860.0,5
2861.0,3
2862.0,6
2863.0,4
2864.0,3
2865.0,1
2866.0,2
2867.0,1
2868.0,2
2869.0,2
2870.0,2
2871.0,4
2872.0,3
2873.0,4
2874.0,2
2875.0,3
2876.0,5
2877.0,6
2878.0,6
2879.0,3
2880.0,1
2881.0,2
2882.0,5
2883.0,6
2884.0,4
2885.0,3
2886.0,2
2887.0,5
2888.0,1
2889.0,1
2890.0,5
2891.0,5
2892.0,5
2893.0,6
2894.0,6
2895.0,4
2896.0,3
2897.0,5
2898.0,3
2899.0,3
2900.0,2
2901.0,1
2902.0,1
2903.0,1
2904.0,2
2905.0,4
2906.0,4
2907.0,5
2908.0,6
2909.0,3
2910.0,4
2911.0,4
2912.0,6
2913.0,2
2914.0,5
2915.0,5
2916.0,4
2917.0,5
2918.0,4
2919.0,3
2920.0,5
2921.0,5
2922.0,1
2923.0,4
2924.0,4
2925.0,6
2926.0,4
2927.0,5
2928.0,6
2929.0,2
2930.0,3
2931.0,6
2932.0,1
2933.0,2
2934.0,4
2935.0,2
2936.0,3
2937.0,4
2938.0,5
2939.0,4
2940.0,2
2941.0,3
2942.0,5
2943.0,3
2944.0,3
2945.0,4
2946.0,3
2947.0,5
2948.0,6
2949.0,6
2950.0,2
2951.0,1
2952.0,5
2953.0,4
2954.0,2
2955.0,4
2956.0,2
2957.0,3
2958.0,4
2959.0,4
2960.0,6
2961.0,2
2962.0,6
2963.0,1
2964.0,6
2965.0,6
2966.0,4
2967.0,4
2968.0,2
2969.0,4
2970.0,2
2971.0,5
2972.0,2
2973.0,2
2974.0,5
2975.0,5
2976.0,5
2977.0,2
2978.0,5
2979.0,1
2980.0,4
2981.0,4
2982.0,1
2983.0,6
2984.0,4
2985.0,5
2986.0,1
2987.0,1
2988.0,4
2989.0,1
2990.0,4
2991.0,2
2992.0,1
2993.0,6
2994.0,3
2995.0,3
2996.0,5
2997.0,2
2998.0,1
2999.0,5
3000.0,1
3001.0,4
3002.0,1
3003.0,1
3004.0,4
3005.0,4
3006.0,3
3007.0,6
3008.0,5
3009.0,3
3010.0,1
3011.0,2
3012.0,6
3013.0,3
3014.0,1
3015.0,1
3016.0,2
3017.0,5
3018.0,2
3019.0,4
3020.0,5
3021.0,3
3022.0,2
3023.0,1
3024.0,5
3025.0,1
3026.0,1
3027.0,2
3028.0,3
3029.0,6
3030.0,5
3031.0,2
3032.0,5
3033.0,4
3034.0,5
3035.0,3
3036.0,1
3037.0,4
3038.0,3
3039.0,2
3040.0,1
3041.0,4
3042.0,3
3043.0,2
3044.0,6
3045.0,2
3046.0,3
3047.0,4
3048.0,4
3049.0,5
3050.0,5
3051.0,4
3052.0,1
3053.0,2
3054.0,2
3055.0,6
3056.0,2
3057.0,6
3058.0,4
3059.0,2
3060.0,4
3061.0,4
3062.0,5
3063.0,2
3064.0,5
3065.0,2
3066.0,1
3067.0,2
3068.0,3
3069.0,4
3070.0,1
3071.0,4
3072.0,5
3073.0,4
3074.0,4
3075.0,6
3076.0,2
3077.0,5
3078.0,6
3079.0,3
3080.0,3
3081.0,1
3082.0,1
3083.0,6
3084.0,4
3085.0,4
3086.0,5
3087.0,5
3088.0,1
3089.0,5
3090.0,6
3091.0,6
3092.0,1
3093.0,3
3094.0,1
3095.0,3
3096.0,6
3097.0,6
3098.0,1
3099.0,2
3100.0,1
3101.0,4
3102.0,2
3103.0,6
3104.0,3
3105.0,2
3106.0,6
3107.0,5
3108.0,3
3109.0,5
3110.0,5
3111.0,1
3112.0,3
3113.0,3
3114.0,1
3115.0,6
3116.0,6
3117.0,2
3118.0,6
3119.0,2
3120.0,2
3121.0,4
3122.0,5
3123.0,6
3124.0,1
3125.0,4
3126.0,2
3127.0,1
3128.0,4
3129.0,4
3130.0,6
3131.0,5
3132.0,6
3133.0,2
3134.0,4
3135.0,2
3136.0,4
3137.0,4
3138.0,-1
3139.0,2
3140.0,4
3141.0,1
3142.0,4
3143.0,3
3144.0,2
3145.0,4
3146.0,6
3147.0,2
3148.0,3
3149.0,2
3150.0,1
3151.0,4
3152.0,3
3153.0,4
3154.0,6
3155.0,6
3156.0,3
3157.0,5
3158.0,2
3159.0,3
3160.0,4
3161.0,4
3162.0,3
3163.0,1
3164.0,4
3165.0,6
3166.0,5
3167.0,5
3168.0,4
3169.0,5
3170.0,3
3171.0,5
3172.0,5
3173.0,6
3174.0,2
3175.0,2
3176.0,4
3177.0,1
3178.0,1
3179.0,6
3180.0,6
3181.0,1
3182.0,1
3183.0,5
3184.0,6
3185.0,4
3186.0,6
3187.0,2
3188.0,5
3189.0,5
3190.0,6
3191.0,2
3192.0,2
3193.0,1
3194.0,2
3195.0,5
3196.0,4
3197.0,6
3198.0,3
3199.0,1
3200.0,1
3201.0,4
3202.0,6
3203.0,5
3204.0,3
3205.0,2
3206.0,5
3207.0,2
3208.0,6
3209.0,3
3210.0,3
3211.0,1
3212.0,5
3213.0,1
3214.0,3
3215.0,2
3216.0,5
3217.0,5
3218.0,1
3219.0,3
3220.0,4
3221.0,3
3222.0,6
3223.0,3
3224.0,6
3225.0,4
3226.0,5
3227.0,4
3228.0,1
3229.0,4
3230.0,3
3231.0,4
3232.0,3
3233.0,6
3234.0,1
3235.0,5
3236.0,6
3237.0,5
3238.0,6
3239.0,5
3240.0,4
3241.0,4
3242.0,2
3243.0,1
3244.0,3
3245.0,6
3246.0,6
3247.0,2
3248.0,6
3249.0,6
3250.0,3
3251.0,6
3252.0,6
3253.0,1
3254.0,6
3255.0,5
3256.0,1
3257.0,3
3258.0,4
3259.0,1
3260.0,4
3261.0,1
3262.0,6
3263.0,6
3264.0,6
3265.0,4
3266.0,6
3267.0,2
3268.0,3
3269.0,2
3270.0,4
3271.0,6
3272.0,1
3273.0,1
3274.0,1
3275.0,2
3276.0,2
3277.0,3
3278.0,6
3279.0,2
3280.0,2
3281.0,3
3282.0,5
3283.0,1
3284.0,3
3285.0,3
3286.0,6
3287.0,2
3288.0,3
3289.0,5
3290.0,1
3291.0,1
3292.0,4
3293.0,3
3294.0,4
3295.0,5
3296.0,6
3297.0,3
3298.0,4
3299.0,1
3300.0,2
3301.0,1
3302.0,5
3303.0,6
3304.0,6
3305.0,1
3306.0,5
3307.0,2
3308.0,6
3309.0,6
3310.0,1
3311.0,6
3312.0,3
3313.0,2
3314.0,1
3315.0,6
3316.0,1
3317.0,6
3318.0,1
3319.0,5
3320.0,2
3321.0,2
3322.0,5
3323.0,6
3324.0,2
3325.0,5
3326.0,3
3327.0,1
3328.0,4
3329.0,3
3330.0,6
3331.0,5
3332.0,6
3333.0,2
3334.0,4
3335.0,2
3336.0,1
3337.0,5
3338.0,4
3339.0,4
3340.0,2
3341.0,1
3342.0,4
3343.0,4
3344.0,5
3345.0,5
3346.0,6
3347.0,6
3348.0,4
3349.0,4
3350.0,5
3351.0,4
3352.0,5
3353.0,6
3354.0,6
3355.0,2
3356.0,3
3357.0,2
3358.0,3
3359.0,1
3360.0,4
3361.0,2
3362.0,6
3363.0,1
3364.0,1
3365.0,4
3366.0,3
3367.0,6
3368.0,4
3369.0,4
3370.0,6
3371.0,2
3372.0,2
3373.0,2
3374.0,3
3375.0,5
3376.0,3
3377.0,6
3378.0,2
3379.0,3
3380.0,5
3381.0,1
3382.0,6
3383.0,6
3384.0,3
3385.0,4
3386.0,1
3387.0,5
3388.0,1
3389.0,4
3390.0,2
3391.0,1
3392.0,1
3393.0,3
3394.0,4
3395.0,1
3396.0,4
3397.0,3
3398.0,6
3399.0,2
3400.0,2
3401.0,6
3402.0,6
3403.0,6
3404.0,1
3405.0,6
3406.0,6
3407.0,4
3408.0,1
3409.0,5
3410.0,4
3411.0,6
3412.0,6
3413.0,6
3414.0,3
3415.0,2
3416.0,3
3417.0,2
3418.0,5
3419.0,4
3420.0,5
3421.0,6
3422.0,3
3423.0,2
3424.0,5
3425.0,1
3426.0,3
3427.0,4
3428.0,4
3429.0,2
3430.0,5
3431.0,1
3432.0,6
3433.0,5
3434.0,6
3435.0,4
3436.0,3
3437.0,6
3438.0,4
3439.0,3
3440.0,1
3441.0,4
3442.0,5
3443.0,-1
3444.0,6
3445.0,3
3446.0,6
3447.0,3
3448.0,5
3449.0,1
3450.0,6
3451.0,1
3452.0,2
3453.0,3
3454.0,4
3455.0,5
3456.0,1
3457.0,5
3458.0,3
3459.0,4
3460.0,6
3461.0,1
3462.0,6
3463.0,1
3464.0,1
3465.0,1
3466.0,5
3467.0,2
3468.0,4
3469.0,5
3470.0,5
3471.0,6
3472.0,5
3473.0,1
3474.0,4
3475.0,3
3476.0,4
3477.0,3
3478.0,2
3479.0,6
3480.0,6
3481.0,1
3482.0,6
3483.0,3
3484.0,2
3485.0,2
3486.0,3
3487.0,3
3488.0,6
3489.0,6
3490.0,2
3491.0,1
3492.0,6
3493.0,2
3494.0,5
3495.0,6
3496.0,-1
3497.0,3
3498.0,4
3499.0,2
3500.0,4
3501.0,1
3502.0,6
3503.0,1
3504.0,3
3505.0,3
3506.0,4
3507.0,3
3508.0,4
3509.0,5
3510.0,4
3511.0,5
3512.0,5
3513.0,4
3514.0,5
3515.0,2
3516.0,4
3517.0,3
3518.0,5
3519.0,5
3520.0,3
3521.0,5
3522.0,6
3523.0,4
3524.0,6
3525.0,2
3526.0,3
3527.0,3
3528.0,5
3529.0,6
3530.0,2
3531.0,3
3532.0,3
3533.0,1
3534.0,4
3535.0,3
3536.0,4
3537.0,6
3538.0,3
3539.0,1
3540.0,6
3541.0,5
3542.0,6
3543.0,4
3544.0,1
3545.0,2
3546.0,4
3547.0,4
3548.0,4
3549.0,1
3550.0,2
3551.0,3
3552.0,3
3553.0,4
3554.0,3
3555.0,2
3556.0,4
3557.0,1
3558.0,4
3559.0,6
3560.0,3
3561.0,6
3562.0,4
3563.0,5
3564.0,1
3565.0,4
3566.0,6
3567.0,3
3568.0,1
3569.0,5
3570.0,1
3571.0,1
3572.0,6
3573.0,4
3574.0,4
3575.0,4
3576.0,3
3577.0,1
3578.0,1
3579.0,4
3580.0,6
3581.0,4
3582.0,2
3583.0,1
3584.0,6
3585.0,4
3586.0,4
3587.0,2
3588.0,5
3589.0,1
3590.0,5
3591.0,3
3592.0,1
3593.0,3
3594.0,1
3595.0,4
3596.0,2
3597.0,4
3598.0,5
3599.0,1
3600.0,3
3601.0,2
3602.0,1
3603.0,6
3604.0,1
3605.0,2
3606.0,1
3607.0,1
3608.0,4
3609.0,1
3610.0,4
3611.0,1
3612.0,6
3613.0,4
3614.0,6
3615.0,6
3616.0,6
3617.0,1
3618.0,2
3619.0,4
3620.0,6
3621.0,4
3622.0,5
3623.0,4
3624.0,5
3625.0,1
3626.0,1
3627.0,6
3628.0,3
3629.0,3
3630.0,2
3631.0,2
3632.0,1
3633.0,2
3634.0,5
3635.0,1
3636.0,2
3637.0,2
3638.0,4
3639.0,1
3640.0,2
3641.0,1
3642.0,5
3643.0,1
3644.0,4
3645.0,5
3646.0,3
3647.0,4
3648.0,6
3649.0,5
3650.0,4
3651.0,6
3652.0,1
3653.0,4
3654.0,2
3655.0,1
3656.0,2
3657.0,3
3658.0,2
3659.0,4
3660.0,3
3661.0,6
3662.0,2
3663.0,3
3664.0,2
3665.0,1
3666.0,1
3667.0,5
3668.0,1
3669.0,5
3670.0,2
3671.0,2
3672.0,1
3673.0,3
3674.0,4
3675.0,2
3676.0,2
3677.0,1
3678.0,5
3679.0,3
3680.0,3
3681.0,4
3682.0,3
3683.0,6
3684.0,5
3685.0,6
3686.0,4
3687.0,3
3688.0,4
3689.0,6
3690.0,3
3691.0,2
3692.0,1
3693.0,6
3694.0,3
3695.0,1
3696.0,5
3697.0,5
3698.0,4
3699.0,3
3700.0,1
3701.0,4
3702.0,4
3703.0,2
3704.0,2
3705.0,5
3706.0,5
3707.0,5
3708.0,1
3709.0,4
3710.0,3
3711.0,6
3712.0,1
3713.0,6
3714.0,5
3715.0,1
3716.0,6
3717.0,6
3718.0,4
3719.0,6
3720.0,3
3721.0,3
3722.0,5
3723.0,2
3724.0,1
3725.0,1
3726.0,4
3727.0,3
3728.0,4
3729.0,6
3730.0,3
3731.0,3
3732.0,3
3733.0,3
3734.0,3
3735.0,4
3736.0,6
3737.0,3
3738.0,5
3739.0,3
3740.0,4
3741.0,1
3742.0,1
3743.0,5
3744.0,2
3745.0,1
3746.0,4
3747.0,5
3748.0,4
3749.0,6
3750.0,5
3751.0,4
3752.0,2
3753.0,5
3754.0,6
3755.0,2
3756.0,6
3757.0,4
3758.0,6
3759.0,1
3760.0,3
3761.0,1
3762.0,1
3763.0,4
3764.0,3
3765.0,6
3766.0,4
3767.0,5
3768.0,3
3769.0,5
3770.0,2
3771.0,6
3772.0,3
3773.0,3
3774.0,5
3775.0,6
3776.0,2
3777.0,3
3778.0,1
3779.0,4
3780.0,5
3781.0,2
3782.0,3
3783.0,4
3784.0,5
3785.0,4
3786.0,6
3787.0,4
3788.0,1
3789.0,6
3790.0,3
3791.0,2
3792.0,3
3793.0,2
3794.0,3
3795.0,3
3796.0,4
3797.0,2
3798.0,1
3799.0,1
3800.0,3
3801.0,5
3802.0,1
3803.0,6
3804.0,4
3805.0,3
3806.0,3
3807.0,2
3808.0,5
3809.0,2
3810.0,1
3811.0,3
3812.0,2
3813.0,5
3814.0,2
3815.0,2
3816.0,6
3817.0,2
3818.0,5
3819.0,2
3820.0,5
3821.0,5
3822.0,5
3823.0,1
3824.0,6
3825.0,1
3826.0,2
3827.0,1
3828.0,3
3829.0,6
3830.0,6
3831.0,6
3832.0,5
3833.0,6
3834.0,2
3835.0,3
3836.0,4
3837.0,5
3838.0,2
3839.0,1
3840.0,3
3841.0,1
3842.0,6
3843.0,6
3844.0,6
3845.0,4
3846.0,6
3847.0,3
3848.0,2
3849.0,6
3850.0,3
3851.0,4
3852.0,6
3853.0,2
3854.0,2
3855.0,1
3856.0,5
3857.0,1
3858.0,4
3859.0,2
3860.0,3
3861.0,6
3862.0,3
3863.0,5
3864.0,4
3865.0,4
3866.0,6
3867.0,1
3868.0,1
3869.0,3
3870.0,4
3871.0,2
3872.0,3
3873.0,1
3874.0,2
3875.0,4
3876.0,5
3877.0,3
3878.0,6
3879.0,6
3880.0,4
3881.0,1
3882.0,1
3883.0,5
3884.0,1
3885.0,2
3886.0,5
3887.0,5
3888.0,3
3889.0,2
3890.0,3
3891.0,6
3892.0,1
3893.0,5
3894.0,5
3895.0,5
3896.0,6
3897.0,1
3898.0,1
3899.0,4
3900.0,6
3901.0,2
3902.0,3
3903.0,1
3904.0,3
3905.0,3
3906.0,3
3907.0,6
3908.0,4
3909.0,1
3910.0,6
3911.0,4
3912.0,6
3913.0,1
3914.0,5
3915.0,3
3916.0,6
3917.0,5
3918.0,2
3919.0,1
3920.0,3
3921.0,2
3922.0,4
3923.0,6
3924.0,2
3925.0,1
3926.0,3
3927.0,2
3928.0,5
3929.0,5
3930.0,1
3931.0,2
3932.0,1
3933.0,3
3934.0,5
3935.0,5
3936.0,3
3937.0,5
3938.0,4
3939.0,6
3940.0,1
3941.0,1
3942.0,6
3943.0,1
3944.0,2
3945.0,1
3946.0,3
3947.0,1
3948.0,2
3949.0,3
3950.0,5
3951.0,1
3952.0,5
3953.0,2
3954.0,1
3955.0,6
3956.0,1
3957.0,5
3958.0,2
3959.0,2
3960.0,2
3961.0,5
3962.0,5
3963.0,2
3964.0,3
3965.0,1
3966.0,5
3967.0,1
3968.0,2
3969.0,3
3970.0,1
3971.0,5
3972.0,3
3973.0,1
3974.0,2
3975.0,4
3976.0,5
3977.0,1
3978.0,4
3979.0,3
3980.0,6
3981.0,2
3982.0,3
3983.0,4
3984.0,6
3985.0,5
3986.0,5
3987.0,3
3988.0,3
3989.0,1
3990.0,4
3991.0,1
3992.0,4
3993.0,3
3994.0,5
3995.0,4
3996.0,3
3997.0,4
3998.0,4
3999.0,5
4000.0,3
4001.0,4
4002.0,4
4003.0,3
4004.0,6
4005.0,4
4006.0,1
4007.0,3
4008.0,1
4009.0,6
4010.0,5
4011.0,3
4012.0,4
4013.0,5
4014.0,5
4015.0,4
4016.0,5
4017.0,1
4018.0,3
4019.0,1
4020.0,3
4021.0,1
4022.0,2
4023.0,4
4024.0,1
4025.0,-1
4026.0,5
4027.0,2
4028.0,6
4029.0,2
4030.0,2
4031.0,5
4032.0,4
4033.0,4
4034.0,6
4035.0,4
4036.0,1
4037.0,1
4038.0,5
4039.0,6
4040.0,5
4041.0,1
4042.0,3
4043.0,6
4044.0,3
4045.0,2
4046.0,2
4047.0,5
4048.0,5
4049.0,4
4050.0,5
4051.0,3
4052.0,1
4053.0,1
4054.0,4
4055.0,2
4056.0,3
4057.0,3
4058.0,4
4059.0,3
4060.0,1
4061.0,1
4062.0,4
4063.0,4
4064.0,5
4065.0,6
4066.0,2
4067.0,2
4068.0,1
4069.0,6
4070.0,3
4071.0,3
4072.0,6
4073.0,1
4074.0,4
4075.0,1
4076.0,6
4077.0,1
4078.0,4
4079.0,3
4080.0,1
4081.0,2
4082.0,1
4083.0,3
4084.0,3
4085.0,5
4086.0,5
4087.0,2
4088.0,1
4089.0,3
4090.0,4
4091.0,5
4092.0,5
4093.0,1
4094.0,3
4095.0,2
4096.0,4
4097.0,4
4098.0,2
4099.0,4
4100.0,6
4101.0,-1
4102.0,5
4103.0,3
4104.0,5
4105.0,1
4106.0,4
4107.0,3
4108.0,4
4109.0,4
4110.0,-1
4111.0,5
4112.0,3
4113.0,5
4114.0,5
4115.0,5
4116.0,6
4117.0,6
4118.0,3
4119.0,6
4120.0,4
4121.0,4
4122.0,3
4123.0,1
4124.0,1
4125.0,4
4126.0,6
4127.0,2
4128.0,1
4129.0,1
4130.0,1
4131.0,5
4132.0,4
4133.0,1
4134.0,6
4135.0,1
4136.0,4
4137.0,1
4138.0,6
4139.0,2
4140.0,3
4141.0,1
4142.0,5
4143.0,2
4144.0,6
4145.0,1
4146.0,2
4147.0,3
4148.0,2
4149.0,6
4150.0,6
4151.0,2
4152.0,6
4153.0,1
4154.0,6
4155.0,4
4156.0,6
4157.0,5
4158.0,2
4159.0,3
4160.0,3
4161.0,4
4162.0,4
4163.0,4
4164.0,6
4165.0,2
4166.0,3
4167.0,2
4168.0,4
4169.0,4
4170.0,5
4171.0,3
4172.0,6
4173.0,2
4174.0,5
4175.0,6
4176.0,1
4177.0,6
4178.0,2
4179.0,5
4180.0,5
4181.0,6
4182.0,2
4183.0,2
4184.0,1
4185.0,2
4186.0,4
4187.0,5
4188.0,5
4189.0,6
4190.0,1
4191.0,2
4192.0,5
4193.0,2
4194.0,5
4195.0,3
4196.0,2
4197.0,3
4198.0,6
4199.0,4
4200.0,2
4201.0,4
4202.0,2
4203.0,2
4204.0,3
4205.0,2
4206.0,2
4207.0,1
4208.0,1
4209.0,5
4210.0,5
4211.0,4
4212.0,3
4213.0,3
4214.0,6
4215.0,1
4216.0,2
4217.0,5
4218.0,5
4219.0,2
4220.0,4
4221.0,2
4222.0,6
4223.0,4
4224.0,3
4225.0,5
4226.0,5
4227.0,4
4228.0,6
4229.0,6
4230.0,5
4231.0,5
4232.0,5
4233.0,5
4234.0,3
4235.0,1
4236.0,2
4237.0,1
4238.0,6
4239.0,4
4240.0,4
4241.0,5
4242.0,1
4243.0,4
4244.0,4
4245.0,5
4246.0,2
4247.0,5
4248.0,2
4249.0,6
4250.0,1
4251.0,5
4252.0,1
4253.0,2
4254.0,2
4255.0,3
4256.0,2
4257.0,6
4258.0,6
4259.0,5
4260.0,5
4261.0,4
4262.0,3
4263.0,2
4264.0,1
4265.0,2
4266.0,1
4267.0,1
4268.0,2
4269.0,1
4270.0,4
4271.0,2
4272.0,4
4273.0,4
4274.0,5
4275.0,4
4276.0,4
4277.0,3
4278.0,1
4279.0,1
4280.0,2
4281.0,4
4282.0,3
4283.0,2
4284.0,1
4285.0,2
4286.0,6
4287.0,4
4288.0,5
4289.0,2
4290.0,6
4291.0,3
4292.0,3
4293.0,4
4294.0,1
4295.0,6
4296.0,4
4297.0,3
4298.0,3
4299.0,5
4300.0,3
4301.0,6
4302.0,2
4303.0,5
4304.0,6
4305.0,3
4306.0,6
4307.0,2
4308.0,1
4309.0,6
4310.0,2
4311.0,6
4312.0,3
4313.0,1
4314.0,2
4315.0,6
4316.0,6
4317.0,6
4318.0,5
4319.0,2
4320.0,5
4321.0,3
4322.0,6
4323.0,6
4324.0,6
4325.0,1
4326.0,2
4327.0,3
4328.0,2
4329.0,2
4330.0,3
4331.0,3
4332.0,1
4333.0,4
4334.0,3
4335.0,6
4336.0,4
4337.0,4
4338.0,1
4339.0,4
4340.0,4
4341.0,4
4342.0,4
4343.0,4
4344.0,4
4345.0,4
4346.0,6
4347.0,5
4348.0,1
4349.0,6
4350.0,2
4351.0,1
4352.0,5
4353.0,3
4354.0,4
4355.0,2
4356.0,3
4357.0,1
4358.0,1
4359.0,3
4360.0,5
4361.0,2
4362.0,5
4363.0,3
4364.0,1
4365.0,6
4366.0,4
4367.0,4
4368.0,2
4369.0,4
4370.0,3
4371.0,5
4372.0,3
4373.0,5
4374.0,4
4375.0,6
4376.0,3
4377.0,3
4378.0,1
4379.0,6
4380.0,2
4381.0,5
4382.0,4
4383.0,5
4384.0,3
4385.0,1
4386.0,4
4387.0,3
4388.0,3
4389.0,4
4390.0,5
4391.0,1
4392.0,1
4393.0,6
4394.0,3
4395.0,3
4396.0,6
4397.0,1
4398.0,1
4399.0,1
4400.0,1
4401.0,3
4402.0,4
4403.0,2
4404.0,3
4405.0,4
4406.0,3
4407.0,2
4408.0,3
4409.0,5
4410.0,3
4411.0,5
4412.0,6
4413.0,3
4414.0,3
4415.0,2
4416.0,6
4417.0,6
4418.0,2
4419.0,2
4420.0,1
4421.0,1
4422.0,3
4423.0,4
4424.0,4
4425.0,2
4426.0,2
4427.0,2
4428.0,4
4429.0,6
4430.0,1
4431.0,2
4432.0,3
4433.0,2
4434.0,3
4435.0,1
4436.0,4
4437.0,1
4438.0,4
4439.0,6
4440.0,4
4441.0,2
4442.0,4
4443.0,1
4444.0,4
4445.0,1
4446.0,4
4447.0,1
4448.0,5
4449.0,6
4450.0,3
4451.0,3
4452.0,6
4453.0,4
4454.0,6
4455.0,6
4456.0,2
4457.0,2
4458.0,3
4459.0,6
4460.0,4
4461.0,1
4462.0,1
4463.0,6
4464.0,5
4465.0,3
4466.0,2
4467.0,5
4468.0,2
4469.0,4
4470.0,6
4471.0,3
4472.0,4
4473.0,3
4474.0,5
4475.0,6
4476.0,3
4477.0,6
4478.0,2
4479.0,4
4480.0,1
4481.0,5
4482.0,4
4483.0,3
4484.0,1
4485.0,6
4486.0,2
4487.0,4
4488.0,2
4489.0,-1
4490.0,1
4491.0,5
4492.0,1
4493.0,5
4494.0,5
4495.0,1
4496.0,2
4497.0,3
4498.0,3
4499.0,2
4500.0,2
4501.0,5
4502.0,6
4503.0,3
4504.0,1
4505.0,3
4506.0,3
4507.0,1
4508.0,1
4509.0,5
4510.0,5
4511.0,5
4512.0,6
4513.0,5
4514.0,1
4515.0,3
4516.0,2
4517.0,3
4518.0,6
4519.0,2
4520.0,5
4521.0,1
4522.0,1
4523.0,2
4524.0,2
4525.0,6
4526.0,2
4527.0,3
4528.0,3
4529.0,6
4530.0,4
4531.0,3
4532.0,4
4533.0,6
4534.0,6
4535.0,1
4536.0,2
4537.0,3
4538.0,6
4539.0,6
4540.0,5
4541.0,1
4542.0,5
4543.0,2
4544.0,1
4545.0,2
4546.0,3
4547.0,6
4548.0,2
4549.0,5
4550.0,2
4551.0,3
4552.0,2
4553.0,2
4554.0,2
4555.0,1
4556.0,5
4557.0,2
4558.0,1
4559.0,5
4560.0,5
4561.0,6
4562.0,5
4563.0,1
4564.0,4
4565.0,3
4566.0,1
4567.0,1
4568.0,6
4569.0,5
4570.0,5
4571.0,5
4572.0,1
4573.0,2
4574.0,5
4575.0,4
4576.0,5
4577.0,2
4578.0,4
4579.0,3
4580.0,5
4581.0,1
4582.0,4
4583.0,3
4584.0,2
4585.0,5
4586.0,1
4587.0,3
4588.0,6
4589.0,4
4590.0,3
4591.0,2
4592.0,2
4593.0,5
4594.0,4
4595.0,5
4596.0,5
4597.0,1
4598.0,5
4599.0,6
4600.0,6
4601.0,5
4602.0,2
4603.0,3
4604.0,2
4605.0,4
4606.0,5
4607.0,1
4608.0,6
4609.0,4
4610.0,4
4611.0,5
4612.0,1
4613.0,4
4614.0,4
4615.0,6
4616.0,3
4617.0,1
4618.0,1
4619.0,5
4620.0,4
4621.0,3
4622.0,6
4623.0,3
4624.0,1
4625.0,3
4626.0,1
4627.0,6
4628.0,5
4629.0,4
4630.0,3
4631.0,4
4632.0,3
4633.0,1
4634.0,6
4635.0,1
4636.0,2
4637.0,3
4638.0,6
4639.0,6
4640.0,2
4641.0,5
4642.0,2
4643.0,5
4644.0,5
4645.0,1
4646.0,6
4647.0,6
4648.0,6
4649.0,1
4650.0,3
4651.0,5
4652.0,4
4653.0,6
4654.0,6
4655.0,6
4656.0,5
4657.0,6
4658.0,3
4659.0,5
4660.0,3
4661.0,1
4662.0,1
4663.0,4
4664.0,3
4665.0,2
4666.0,3
4667.0,6
4668.0,2
4669.0,2
4670.0,6
4671.0,4
4672.0,5
4673.0,2
4674.0,5
4675.0,5
4676.0,6
4677.0,1
4678.0,2
4679.0,4
4680.0,2
4681.0,2
4682.0,1
4683.0,3
4684.0,2
4685.0,6
4686.0,2
4687.0,6
4688.0,1
4689.0,3
4690.0,1
4691.0,1
4692.0,2
4693.0,5
4694.0,2
4695.0,6
4696.0,5
4697.0,4
4698.0,4
4699.0,2
4700.0,1
4701.0,3
4702.0,2
4703.0,2
4704.0,5
4705.0,1
4706.0,2
4707.0,2
4708.0,4
4709.0,2
4710.0,3
4711.0,3
4712.0,5
4713.0,5
4714.0,4
4715.0,1
4716.0,1
4717.0,5
4718.0,2
4719.0,5
4720.0,4
4721.0,1
4722.0,1
4723.0,3
4724.0,2
4725.0,5
4726.0,1
4727.0,3
4728.0,4
4729.0,5
4730.0,3
4731.0,4
4732.0,2
4733.0,5
4734.0,3
4735.0,6
4736.0,2
4737.0,4
4738.0,4
4739.0,1
4740.0,3
4741.0,1
4742.0,4
4743.0,4
4744.0,1
4745.0,1
4746.0,5
4747.0,5
4748.0,1
4749.0,6
4750.0,1
4751.0,3
4752.0,3
4753.0,5
4754.0,3
4755.0,1
4756.0,1
4757.0,1
4758.0,1
4759.0,1
4760.0,3
4761.0,2
4762.0,5
4763.0,3
4764.0,5
4765.0,4
4766.0,1
4767.0,1
4768.0,6
4769.0,2
4770.0,5
4771.0,1
4772.0,6
4773.0,1
4774.0,2
4775.0,6
4776.0,5
4777.0,1
4778.0,5
4779.0,1
4780.0,6
4781.0,1
4782.0,4
4783.0,6
4784.0,5
4785.0,6
4786.0,1
4787.0,5
4788.0,2
4789.0,3
4790.0,5
4791.0,3
4792.0,3
4793.0,4
4794.0,2
4795.0,4
4796.0,6
4797.0,1
4798.0,3
4799.0,6
4800.0,2
4801.0,5
4802.0,5
4803.0,1
4804.0,1
4805.0,1
4806.0,4
4807.0,1
4808.0,6
4809.0,1
4810.0,3
4811.0,5
4812.0,3
4813.0,1
4814.0,3
4815.0,6
4816.0,5
4817.0,5
4818.0,2
4819.0,6
4820.0,4
4821.0,1
4822.0,4
4823.0,5
4824.0,2
4825.0,5
4826.0,2
4827.0,6
4828.0,1
4829.0,5
4830.0,2
4831.0,3
4832.0,5
4833.0,6
4834.0,3
4835.0,4
4836.0,6
4837.0,6
4838.0,4
4839.0,2
4840.0,1
4841.0,4
4842.0,3
4843.0,4
4844.0,5
4845.0,1
4846.0,4
4847.0,4
4848.0,1
4849.0,5
4850.0,3
4851.0,4
4852.0,4
4853.0,5
4854.0,2
4855.0,3
4856.0,3
4857.0,1
4858.0,6
4859.0,4
4860.0,3
4861.0,5
4862.0,3
4863.0,1
4864.0,2
4865.0,2
4866.0,1
4867.0,6
4868.0,1
4869.0,1
4870.0,5
4871.0,5
4872.0,3
4873.0,3
4874.0,6
4875.0,3
4876.0,1
4877.0,5
4878.0,5
4879.0,2
4880.0,4
4881.0,3
4882.0,1
4883.0,1
4884.0,6
4885.0,1
4886.0,3
4887.0,3
4888.0,3
4889.0,5
4890.0,3
4891.0,6
4892.0,1
4893.0,5
4894.0,6
4895.0,5
4896.0,6
4897.0,6
4898.0,3
4899.0,2
4900.0,1
4901.0,1
4902.0,4
4903.0,2
4904.0,2
4905.0,6
4906.0,5
4907.0,5
4908.0,2
4909.0,5
4910.0,6
4911.0,4
4912.0,6
4913.0,6
4914.0,3
4915.0,5
4916.0,2
4917.0,5
4918.0,6
4919.0,5
4920.0,1
4921.0,4
4922.0,3
4923.0,4
4924.0,2
4925.0,6
4926.0,3
4927.0,5
4928.0,3
4929.0,2
4930.0,1
4931.0,4
4932.0,3
4933.0,1
4934.0,2
4935.0,6
4936.0,5
4937.0,4
4938.0,5
4939.0,3
4940.0,6
4941.0,5
4942.0,6
4943.0,4
4944.0,4
4945.0,3
4946.0,6
4947.0,5
4948.0,4
4949.0,1
4950.0,5
4951.0,1
4952.0,3
4953.0,3
4954.0,4
4955.0,5
4956.0,1
4957.0,5
4958.0,2
4959.0,3
4960.0,2
4961.0,1
4962.0,4
4963.0,1
4964.0,2
4965.0,5
4966.0,4
4967.0,1
4968.0,3
4969.0,5
4970.0,1
4971.0,5
4972.0,6
4973.0,5
4974.0,5
4975.0,3
4976.0,6
4977.0,1
4978.0,5
4979.0,1
4980.0,5
4981.0,6
4982.0,2
4983.0,3
4984.0,6
4985.0,6
4986.0,6
4987.0,5
4988.0,2
4989.0,5
4990.0,5
4991.0,4
4992.0,3
4993.0,4
4994.0,1
4995.0,3
4996.0,5
4997.0,3
4998.0,5
4999.0,4
5000.0,3
5001.0,6
5002.0,3
5003.0,3
5004.0,2
5005.0,4
5006.0,3
5007.0,2
5008.0,5
5009.0,1
5010.0,6
5011.0,2
5012.0,3
5013.0,4
5014.0,2
5015.0,1
5016.0,3
5017.0,1
5018.0,5
5019.0,5
5020.0,2
5021.0,6
5022.0,3
5023.0,2
5024.0,6
5025.0,2
5026.0,5
5027.0,2
5028.0,1
5029.0,1
5030.0,4
5031.0,2
5032.0,4
5033.0,4
5034.0,6
5035.0,3
5036.0,1
5037.0,6
5038.0,2
5039.0,5
5040.0,3
5041.0,4
5042.0,3
5043.0,1
5044.0,1
5045.0,3
5046.0,3
5047.0,3
5048.0,1
5049.0,2
5050.0,4
5051.0,6
5052.0,6
5053.0,4
5054.0,5
5055.0,3
5056.0,1
5057.0,6
5058.0,3
5059.0,2
5060.0,1
5061.0,3
5062.0,1
5063.0,5
5064.0,6
5065.0,6
5066.0,2
5067.0,4
5068.0,4
5069.0,4
5070.0,4
5071.0,3
5072.0,5
5073.0,6
5074.0,3
5075.0,5
5076.0,4
5077.0,3
5078.0,4
5079.0,3
5080.0,1
5081.0,4
5082.0,5
5083.0,5
5084.0,6
5085.0,1
5086.0,1
5087.0,5
5088.0,3
5089.0,4
5090.0,6
5091.0,5
5092.0,1
5093.0,6
5094.0,1
5095.0,1
5096.0,2
5097.0,5
5098.0,2
5099.0,6
5100.0,6
5101.0,2
5102.0,3
5103.0,6
5104.0,6
5105.0,3
5106.0,3
5107.0,3
5108.0,6
5109.0,2
5110.0,5
5111.0,2
5112.0,2
5113.0,4
5114.0,2
5115.0,1
5116.0,3
5117.0,1
5118.0,5
5119.0,6
5120.0,6
5121.0,2
5122.0,1
5123.0,2
5124.0,4
5125.0,2
5126.0,2
5127.0,1
5128.0,5
5129.0,1
5130.0,3
5131.0,3
5132.0,1
5133.0,2
5134.0,5
5135.0,6
5136.0,2
5137.0,4
5138.0,3
5139.0,2
5140.0,2
5141.0,1
5142.0,2
5143.0,5
5144.0,6
5145.0,2
5146.0,6
5147.0,1
5148.0,2
5149.0,6
5150.0,1
5151.0,2
5152.0,4
5153.0,4
5154.0,5
5155.0,6
5156.0,4
5157.0,6
5158.0,2
5159.0,4
5160.0,6
5161.0,2
5162.0,-1
5163.0,2
5164.0,2
5165.0,3
5166.0,1
5167.0,4
5168.0,4
5169.0,4
5170.0,3
5171.0,3
5172.0,5
5173.0,4
5174.0,3
5175.0,5
5176.0,1
5177.0,1
5178.0,5
5179.0,6
5180.0,5
5181.0,2
5182.0,6
5183.0,3
5184.0,2
5185.0,2
5186.0,1
5187.0,1
5188.0,3
5189.0,1
5190.0,4
5191.0,5
5192.0,4
5193.0,2
5194.0,3
5195.0,2
5196.0,3
5197.0,5
5198.0,6
5199.0,4
5200.0,2
5201.0,4
5202.0,4
5203.0,6
5204.0,1
5205.0,3
5206.0,1
5207.0,5
5208.0,1
5209.0,1
5210.0,5
5211.0,2
5212.0,3
5213.0,1
5214.0,5
5215.0,3
5216.0,1
5217.0,1
5218.0,5
5219.0,2
5220.0,6
5221.0,3
5222.0,6
5223.0,5
5224.0,6
5225.0,5
5226.0,4
5227.0,6
5228.0,2
5229.0,2
5230.0,3
5231.0,4
5232.0,3
5233.0,5
5234.0,4
5235.0,4
5236.0,2
5237.0,3
5238.0,1
5239.0,5
5240.0,5
5241.0,2
5242.0,6
5243.0,5
5244.0,3
5245.0,5
5246.0,2
5247.0,5
5248.0,3
5249.0,1
5250.0,4
5251.0,5
5252.0,5
5253.0,3
5254.0,4
5255.0,3
5256.0,1
5257.0,3
5258.0,1
5259.0,4
5260.0,4
5261.0,3
5262.0,6
5263.0,2
5264.0,4
5265.0,1
5266.0,2
5267.0,1
5268.0,3
5269.0,1
5270.0,4
5271.0,2
5272.0,5
5273.0,1
5274.0,2
5275.0,4
5276.0,3
5277.0,1
5278.0,1
5279.0,3
5280.0,3
5281.0,2
5282.0,3
5283.0,2
5284.0,3
5285.0,2
5286.0,4
5287.0,1
5288.0,1
5289.0,4
5290.0,5
5291.0,3
5292.0,4
5293.0,4
5294.0,1
5295.0,6
5296.0,4
5297.0,2
5298.0,3
5299.0,6
5300.0,4
5301.0,6
5302.0,2
5303.0,4
5304.0,1
5305.0,5
5306.0,6
5307.0,5
5308.0,5
5309.0,4
5310.0,2
5311.0,3
5312.0,6
5313.0,2
5314.0,5
5315.0,3
5316.0,6
5317.0,6
5318.0,2
5319.0,3
5320.0,4
5321.0,6
5322.0,2
5323.0,5
5324.0,5
5325.0,2
5326.0,1
5327.0,2
5328.0,2
5329.0,1
5330.0,3
5331.0,6
5332.0,6
5333.0,2
5334.0,3
5335.0,3
5336.0,6
5337.0,3
5338.0,4
5339.0,4
5340.0,6
5341.0,3
5342.0,4
5343.0,5
5344.0,4
5345.0,5
5346.0,5
5347.0,6
5348.0,4
5349.0,1
5350.0,4
5351.0,5
5352.0,2
5353.0,4
5354.0,2
5355.0,3
5356.0,2
5357.0,3
5358.0,1
5359.0,1
5360.0,4
5361.0,2
5362.0,1
5363.0,4
5364.0,2
5365.0,6
5366.0,4
5367.0,5
5368.0,5
5369.0,6
5370.0,6
5371.0,6
5372.0,3
5373.0,5
5374.0,6
5375.0,5
5376.0,3
5377.0,2
5378.0,5
5379.0,3
5380.0,5
5381.0,2
5382.0,4
5383.0,6
5384.0,3
5385.0,5
5386.0,6
5387.0,4
5388.0,2
5389.0,3
5390.0,4
5391.0,5
5392.0,1
5393.0,4
5394.0,6
5395.0,6
5396.0,4
5397.0,5
5398.0,5
5399.0,1
5400.0,4
5401.0,1
5402.0,2
5403.0,1
5404.0,3
5405.0,3
5406.0,6
5407.0,4
5408.0,6
5409.0,5
5410.0,5
5411.0,4
5412.0,-1
5413.0,1
5414.0,2
5415.0,3
5416.0,1
5417.0,5
5418.0,1
5419.0,2
5420.0,3
5421.0,5
5422.0,5
5423.0,3
5424.0,1
5425.0,1
5426.0,1
5427.0,2
5428.0,1
5429.0,4
5430.0,4
5431.0,4
5432.0,5
5433.0,2
5434.0,3
5435.0,1
5436.0,3
5437.0,3
5438.0,3
5439.0,5
5440.0,3
5441.0,4
5442.0,5
5443.0,5
5444.0,4
5445.0,2
5446.0,1
5447.0,6
5448.0,6
5449.0,6
5450.0,2
5451.0,2
5452.0,6
5453.0,5
5454.0,2
5455.0,6
5456.0,6
5457.0,2
5458.0,1
5459.0,2
5460.0,1
5461.0,6
5462.0,4
5463.0,3
5464.0,3
5465.0,6
5466.0,1
5467.0,3
5468.0,2
5469.0,4
5470.0,3
5471.0,4
5472.0,2
5473.0,2
5474.0,4
5475.0,6
5476.0,1
5477.0,5
5478.0,4
5479.0,4
5480.0,5
5481.0,3
5482.0,6
5483.0,5
5484.0,1
5485.0,2
5486.0,4
5487.0,6
5488.0,4
5489.0,3
5490.0,6
5491.0,4
5492.0,2
5493.0,3
5494.0,1
5495.0,6
5496.0,5
5497.0,6
5498.0,5
5499.0,4
5500.0,5
5501.0,4
5502.0,3
5503.0,6
5504.0,1
5505.0,1
5506.0,1
5507.0,3
5508.0,5
5509.0,5
5510.0,1
5511.0,5
5512.0,2
5513.0,6
5514.0,3
5515.0,3
5516.0,6
5517.0,6
5518.0,6
5519.0,5
5520.0,5
5521.0,1
5522.0,6
5523.0,2
5524.0,3
5525.0,1
5526.0,-1
5527.0,1
5528.0,3
5529.0,5
5530.0,2
5531.0,4
5532.0,4
5533.0,5
5534.0,6
5535.0,4
5536.0,6
5537.0,1
5538.0,5
5539.0,1
5540.0,4
5541.0,6
5542.0,1
5543.0,1
5544.0,2
5545.0,3
5546.0,5
5547.0,4
5548.0,4
5549.0,4
5550.0,4
5551.0,2
5552.0,1
5553.0,2
5554.0,5
5555.0,3
5556.0,2
5557.0,3
5558.0,4
5559.0,5
5560.0,3
5561.0,6
5562.0,6
5563.0,5
5564.0,5
5565.0,5
5566.0,5
5567.0,2
5568.0,3
5569.0,3
5570.0,5
5571.0,6
5572.0,1
5573.0,1
5574.0,6
5575.0,1
5576.0,2
5577.0,4
5578.0,6
5579.0,-1
5580.0,3
5581.0,3
5582.0,6
5583.0,5
5584.0,3
5585.0,4
5586.0,5
5587.0,5
5588.0,2
5589.0,3
5590.0,4
5591.0,4
5592.0,6
5593.0,2
5594.0,1
5595.0,6
5596.0,6
5597.0,6
5598.0,5
5599.0,1
5600.0,1
5601.0,3
5602.0,4
5603.0,5
5604.0,6
5605.0,2
5606.0,5
5607.0,6
5608.0,5
5609.0,3
5610.0,3
5611.0,1
5612.0,4
5613.0,3
5614.0,3
5615.0,1
5616.0,2
5617.0,2
5618.0,3
5619.0,6
5620.0,6
5621.0,6
5622.0,5
5623.0,5
5624.0,6
5625.0,1
5626.0,1
5627.0,3
5628.0,3
5629.0,3
5630.0,3
5631.0,6
5632.0,5
5633.0,6
5634.0,3
5635.0,3
5636.0,3
5637.0,6
5638.0,3
5639.0,6
5640.0,2
5641.0,4
5642.0,4
5643.0,4
5644.0,6
5645.0,2
5646.0,3
5647.0,2
5648.0,2
5649.0,1
5650.0,3
5651.0,2
5652.0,2
5653.0,2
5654.0,4
5655.0,1
5656.0,2
5657.0,5
5658.0,1
5659.0,4
5660.0,5
5661.0,4
5662.0,6
5663.0,1
5664.0,1
5665.0,5
5666.0,4
5667.0,5
5668.0,2
5669.0,1
5670.0,6
5671.0,6
5672.0,4
5673.0,1
5674.0,6
5675.0,5
5676.0,5
5677.0,1
5678.0,2
5679.0,1
5680.0,6
5681.0,5
5682.0,3
5683.0,3
5684.0,1
5685.0,4
5686.0,3
5687.0,1
5688.0,3
5689.0,3
5690.0,3
5691.0,4
5692.0,2
5693.0,6
5694.0,1
5695.0,2
5696.0,3
5697.0,4
5698.0,6
5699.0,4
5700.0,5
5701.0,1
5702.0,4
5703.0,5
5704.0,2
5705.0,4
5706.0,4
5707.0,3
5708.0,5
5709.0,1
5710.0,5
5711.0,5
5712.0,6
5713.0,1
5714.0,6
5715.0,4
5716.0,1
5717.0,4
5718.0,2
5719.0,1
5720.0,4
5721.0,3
5722.0,3
5723.0,2
5724.0,4
5725.0,2
5726.0,4
5727.0,4
5728.0,6
5729.0,2
5730.0,6
5731.0,6
5732.0,6
5733.0,4
5734.0,4
5735.0,1
5736.0,6
5737.0,6
5738.0,3
5739.0,6
5740.0,2
5741.0,3
5742.0,5
5743.0,4
5744.0,5
5745.0,6
5746.0,5
5747.0,3
5748.0,6
5749.0,3
5750.0,1
5751.0,1
5752.0,2
5753.0,4
5754.0,4
5755.0,3
5756.0,2
5757.0,3
5758.0,4
5759.0,2
5760.0,4
5761.0,2
5762.0,5
5763.0,2
5764.0,6
5765.0,5
5766.0,5
5767.0,2
5768.0,4
5769.0,6
5770.0,3
5771.0,4
5772.0,3
5773.0,5
5774.0,4
5775.0,5
5776.0,6
5777.0,2
5778.0,2
5779.0,4
5780.0,6
5781.0,3
5782.0,3
5783.0,3
5784.0,6
5785.0,4
5786.0,4
5787.0,2
5788.0,1
5789.0,6
5790.0,3
5791.0,2
5792.0,3
5793.0,5
5794.0,4
5795.0,1
5796.0,6
5797.0,5
5798.0,3
5799.0,2
5800.0,1
5801.0,1
5802.0,1
5803.0,3
5804.0,6
5805.0,3
5806.0,6
5807.0,4
5808.0,1
5809.0,1
5810.0,5
5811.0,2
5812.0,1
5813.0,2
5814.0,1
5815.0,4
5816.0,2
5817.0,6
5818.0,6
5819.0,5
5820.0,2
5821.0,1
5822.0,4
5823.0,5
5824.0,-1
5825.0,3
5826.0,4
5827.0,5
5828.0,3
5829.0,4
5830.0,6
5831.0,1
5832.0,5
5833.0,2
5834.0,6
5835.0,3
5836.0,2
5837.0,2
5838.0,5
5839.0,1
5840.0,6
5841.0,6
5842.0,4
5843.0,2
5844.0,3
5845.0,1
5846.0,3
5847.0,3
5848.0,3
5849.0,6
5850.0,3
5851.0,4
5852.0,2
5853.0,4
5854.0,6
5855.0,3
5856.0,1
5857.0,4
5858.0,3
5859.0,1
5860.0,4
5861.0,5
5862.0,4
5863.0,2
5864.0,5
5865.0,5
5866.0,5
5867.0,6
5868.0,2
5869.0,5
5870.0,5
5871.0,1
5872.0,5
5873.0,5
5874.0,1
5875.0,2
5876.0,5
5877.0,4
5878.0,6
5879.0,4
5880.0,2
5881.0,4
5882.0,3
5883.0,5
5884.0,4
5885.0,4
5886.0,3
5887.0,4
5888.0,2
5889.0,6
5890.0,2
5891.0,6
5892.0,1
5893.0,1
5894.0,1
5895.0,2
5896.0,3
5897.0,6
5898.0,6
5899.0,6
5900.0,6
5901.0,5
5902.0,2
5903.0,5
5904.0,6
5905.0,3
5906.0,6
5907.0,5
5908.0,5
5909.0,4
5910.0,3
5911.0,3
5912.0,2
5913.0,6
5914.0,1
5915.0,2
5916.0,6
5917.0,1
5918.0,6
5919.0,2
5920.0,1
5921.0,1
5922.0,5
5923.0,1
5924.0,3
5925.0,4
5926.0,5
5927.0,6
5928.0,2
5929.0,2
5930.0,4
5931.0,1
5932.0,1
5933.0,5
5934.0,2
5935.0,5
5936.0,2
5937.0,1
5938.0,1
5939.0,5
5940.0,6
5941.0,5
5942.0,1
5943.0,6
5944.0,3
5945.0,3
5946.0,1
5947.0,2
5948.0,6
5949.0,6
5950.0,6
5951.0,1
5952.0,4
5953.0,5
5954.0,6
5955.0,1
5956.0,3
5957.0,1
5958.0,5
5959.0,4
5960.0,4
5961.0,4
5962.0,6
5963.0,3
5964.0,4
5965.0,3
5966.0,4
5967.0,6
5968.0,6
5969.0,2
5970.0,3
5971.0,1
5972.0,1
5973.0,2
5974.0,3
5975.0,4
5976.0,1
5977.0,1
5978.0,1
5979.0,2
5980.0,2
5981.0,5
5982.0,4
5983.0,2
5984.0,4
5985.0,2
5986.0,3
5987.0,3
5988.0,6
5989.0,3
5990.0,1
5991.0,3
5992.0,1
5993.0,2
5994.0,4
5995.0,1
5996.0,1
5997.0,6
5998.0,1
5999.0,3
6000.0,6
6001.0,2
6002.0,4
6003.0,3
6004.0,2
6005.0,4
6006.0,5
6007.0,6
6008.0,5
6009.0,5
6010.0,5
6011.0,1
6012.0,2
6013.0,5
6014.0,1
6015.0,4
6016.0,6
6017.0,2
6018.0,6
6019.0,5
6020.0,1
6021.0,6
6022.0,3
6023.0,3
6024.0,3
6025.0,3
6026.0,4
6027.0,5
6028.0,2
6029.0,6
6030.0,4
6031.0,4
6032.0,5
6033.0,1
6034.0,4
6035.0,5
6036.0,1
6037.0,2
6038.0,1
6039.0,5
6040.0,5
6041.0,2
6042.0,3
6043.0,4
6044.0,5
6045.0,3
6046.0,4
6047.0,1
6048.0,6
6049.0,5
6050.0,4
6051.0,5
6052.0,3
6053.0,5
6054.0,2
6055.0,3
6056.0,5
6057.0,5
6058.0,5
6059.0,5
6060.0,6
6061.0,6
6062.0,6
6063.0,2
6064.0,1
6065.0,2
6066.0,1
6067.0,1
6068.0,5
6069.0,3
6070.0,3
6071.0,4
6072.0,6
6073.0,6
6074.0,4
6075.0,3
6076.0,3
6077.0,2
6078.0,4
6079.0,2
6080.0,1
6081.0,2
6082.0,2
6083.0,4
6084.0,3
6085.0,3
6086.0,4
6087.0,4
6088.0,6
6089.0,2
6090.0,2
6091.0,2
6092.0,6
6093.0,1
6094.0,5
6095.0,3
6096.0,4
6097.0,3
6098.0,4
6099.0,4
6100.0,6
6101.0,1
6102.0,5
6103.0,4
6104.0,6
6105.0,2
6106.0,6
6107.0,4
6108.0,2
6109.0,1
6110.0,1
6111.0,4
6112.0,2
6113.0,1
6114.0,5
6115.0,2
6116.0,2
6117.0,5
6118.0,5
6119.0,4
6120.0,3
6121.0,5
6122.0,6
6123.0,5
6124.0,4
6125.0,5
6126.0,2
6127.0,6
6128.0,6
6129.0,2
6130.0,3
6131.0,6
6132.0,3
6133.0,1
6134.0,4
6135.0,1
6136.0,5
6137.0,2
6138.0,6
6139.0,1
6140.0,2
6141.0,1
6142.0,1
6143.0,4
6144.0,3
6145.0,2
6146.0,3
6147.0,6
6148.0,2
6149.0,6
6150.0,4
6151.0,3
6152.0,6
6153.0,3
6154.0,1
6155.0,3
6156.0,6
6157.0,5
6158.0,5
6159.0,6
6160.0,3
6161.0,1
6162.0,2
6163.0,3
6164.0,1
6165.0,1
6166.0,4
6167.0,4
6168.0,5
6169.0,3
6170.0,6
6171.0,2
6172.0,1
6173.0,6
6174.0,6
6175.0,2
6176.0,6
6177.0,3
6178.0,5
6179.0,5
6180.0,4
6181.0,1
6182.0,3
6183.0,6
6184.0,3
6185.0,1
6186.0,4
6187.0,4
6188.0,3
6189.0,1
6190.0,2
6191.0,4
6192.0,5
6193.0,1
6194.0,6
6195.0,4
6196.0,6
6197.0,4
6198.0,3
6199.0,2
6200.0,5
6201.0,5
6202.0,4
6203.0,6
6204.0,1
6205.0,5
6206.0,3
6207.0,2
6208.0,5
6209.0,4
6210.0,2
6211.0,5
6212.0,2
6213.0,2
6214.0,5
6215.0,4
6216.0,1
6217.0,3
6218.0,3
6219.0,6
6220.0,4
6221.0,1
6222.0,3
6223.0,1
6224.0,4
6225.0,4
6226.0,1
6227.0,1
6228.0,1
6229.0,5
6230.0,5
6231.0,3
6232.0,2
6233.0,6
6234.0,1
6235.0,6
6236.0,1
6237.0,1
6238.0,1
6239.0,3
6240.0,1
6241.0,3
6242.0,5
6243.0,2
6244.0,1
6245.0,2
6246.0,5
6247.0,2
6248.0,6
6249.0,3
6250.0,2
6251.0,6
6252.0,3
6253.0,6
6254.0,6
6255.0,5
6256.0,2
6257.0,6
6258.0,6
6259.0,2
6260.0,3
6261.0,5
6262.0,2
6263.0,4
6264.0,6
6265.0,3
6266.0,5
6267.0,1
6268.0,4
6269.0,6
6270.0,2
6271.0,1
6272.0,6
6273.0,3
6274.0,6
6275.0,6
6276.0,5
6277.0,4
6278.0,6
6279.0,1
6280.0,6
6281.0,6
6282.0,5
6283.0,6
6284.0,5
6285.0,1
6286.0,1
6287.0,6
6288.0,4
6289.0,4
6290.0,3
6291.0,5
6292.0,1
6293.0,3
6294.0,1
6295.0,2
6296.0,6
6297.0,2
6298.0,2
6299.0,5
6300.0,5
6301.0,2
6302.0,1
6303.0,2
6304.0,6
6305.0,4
6306.0,1
6307.0,3
6308.0,2
6309.0,6
6310.0,2
6311.0,4
6312.0,4
6313.0,5
6314.0,4
6315.0,4
6316.0,5
6317.0,1
6318.0,2
6319.0,2
6320.0,1
6321.0,3
6322.0,4
6323.0,6
6324.0,5
6325.0,6
6326.0,4
6327.0,2
6328.0,6
6329.0,2
6330.0,2
6331.0,3
6332.0,5
6333.0,2
6334.0,6
6335.0,6
6336.0,3
6337.0,3
6338.0,6
6339.0,4
6340.0,6
6341.0,1
6342.0,5
6343.0,6
6344.0,2
6345.0,4
6346.0,4
6347.0,1
6348.0,3
6349.0,2
6350.0,3
6351.0,4
6352.0,3
6353.0,3
6354.0,1
6355.0,5
6356.0,1
6357.0,5
6358.0,1
6359.0,3
6360.0,5
6361.0,1
6362.0,6
6363.0,5
6364.0,2
6365.0,6
6366.0,3
6367.0,3
6368.0,4
6369.0,4
6370.0,4
6371.0,2
6372.0,3
6373.0,3
6374.0,4
6375.0,3
6376.0,5
6377.0,3
6378.0,1
6379.0,4
6380.0,2
6381.0,6
6382.0,2
6383.0,3
6384.0,5
6385.0,3
6386.0,5
6387.0,3
6388.0,4
6389.0,1
6390.0,4
6391.0,5
6392.0,3
6393.0,2
6394.0,3
6395.0,4
6396.0,1
6397.0,1
6398.0,5
6399.0,4
6400.0,6
6401.0,1
6402.0,4
6403.0,3
6404.0,4
6405.0,2
6406.0,3
6407.0,2
6408.0,1
6409.0,3
6410.0,3
6411.0,3
6412.0,1
6413.0,1
6414.0,2
6415.0,6
6416.0,3
6417.0,6
6418.0,3
6419.0,3
6420.0,2
6421.0,1
6422.0,1
6423.0,5
6424.0,5
6425.0,1
6426.0,3
6427.0,2
6428.0,2
6429.0,6
6430.0,2
6431.0,3
6432.0,1
6433.0,3
6434.0,4
6435.0,3
6436.0,5
6437.0,5
6438.0,3
6439.0,4
6440.0,2
6441.0,6
6442.0,5
6443.0,1
6444.0,4
6445.0,4
6446.0,2
6447.0,4
6448.0,1
6449.0,6
6450.0,3
6451.0,5
6452.0,4
6453.0,6
6454.0,4
6455.0,1
6456.0,1
6457.0,2
6458.0,6
6459.0,1
6460.0,5
6461.0,5
6462.0,4
6463.0,5
6464.0,4
6465.0,4
6466.0,2
6467.0,5
6468.0,3
6469.0,4
6470.0,5
6471.0,5
6472.0,2
6473.0,2
6474.0,5
6475.0,4
6476.0,1
6477.0,4
6478.0,6
6479.0,1
6480.0,5
6481.0,1
6482.0,5
6483.0,4
6484.0,1
6485.0,1
6486.0,2
6487.0,4
6488.0,6
6489.0,2
6490.0,6
6491.0,4
6492.0,3
6493.0,2
6494.0,2
6495.0,5
6496.0,2
6497.0,5
6498.0,5
6499.0,1
6500.0,2
6501.0,5
6502.0,3
6503.0,4
6504.0,2
6505.0,1
6506.0,3
6507.0,4
6508.0,3
6509.0,5
6510.0,6
6511.0,1
6512.0,2
6513.0,1
6514.0,6
6515.0,3
6516.0,4
6517.0,2
6518.0,4
6519.0,4
6520.0,4
6521.0,1
6522.0,4
6523.0,5
6524.0,4
6525.0,6
6526.0,1
6527.0,1
6528.0,3
6529.0,3
6530.0,5
6531.0,4
6532.0,1
6533.0,1
6534.0,4
6535.0,2
6536.0,4
6537.0,6
6538.0,3
6539.0,6
6540.0,2
6541.0,1
6542.0,2
6543.0,3
6544.0,4
6545.0,2
6546.0,1
6547.0,3
6548.0,1
6549.0,1
6550.0,3
6551.0,3
6552.0,5
6553.0,3
6554.0,1
6555.0,2
6556.0,3
6557.0,4
6558.0,1
6559.0,6
6560.0,5
6561.0,4
6562.0,5
6563.0,4
6564.0,4
6565.0,5
6566.0,3
6567.0,2
6568.0,2
6569.0,4
6570.0,6
6571.0,1
6572.0,2
6573.0,1
6574.0,2
6575.0,5
6576.0,6
6577.0,2
6578.0,3
6579.0,1
6580.0,2
6581.0,4
6582.0,4
6583.0,5
6584.0,5
6585.0,2
6586.0,3
6587.0,1
6588.0,4
6589.0,6
6590.0,4
6591.0,3
6592.0,2
6593.0,1
6594.0,1
6595.0,5
6596.0,4
6597.0,5
6598.0,3
6599.0,6
6600.0,4
6601.0,4
6602.0,2
6603.0,2
6604.0,6
6605.0,1
6606.0,6
6607.0,6
6608.0,4
6609.0,2
6610.0,5
6611.0,4
6612.0,3
6613.0,6
6614.0,3
6615.0,2
6616.0,2
6617.0,4
6618.0,5
6619.0,5
6620.0,1
6621.0,6
6622.0,1
6623.0,2
6624.0,6
6625.0,5
6626.0,6
6627.0,5
6628.0,2
6629.0,2
6630.0,1
6631.0,3
6632.0,4
6633.0,5
6634.0,4
6635.0,5
6636.0,2
6637.0,5
6638.0,2
6639.0,5
6640.0,2
6641.0,5
6642.0,4
6643.0,4
6644.0,5
6645.0,4
6646.0,1
6647.0,6
6648.0,1
6649.0,1
6650.0,2
6651.0,4
6652.0,3
6653.0,5
6654.0,5
6655.0,1
6656.0,5
6657.0,2
6658.0,1
6659.0,2
6660.0,2
6661.0,1
6662.0,3
6663.0,4
6664.0,1
6665.0,4
6666.0,6
6667.0,4
6668.0,6
6669.0,6
6670.0,5
6671.0,4
6672.0,3
6673.0,1
6674.0,6
6675.0,3
6676.0,1
6677.0,5
6678.0,4
6679.0,3
6680.0,1
6681.0,3
6682.0,4
6683.0,3
6684.0,1
6685.0,2
6686.0,2
6687.0,3
6688.0,5
6689.0,2
6690.0,4
6691.0,6
6692.0,5
6693.0,2
6694.0,4
6695.0,3
6696.0,6
6697.0,3
6698.0,3
6699.0,5
6700.0,6
6701.0,1
6702.0,5
6703.0,3
6704.0,4
6705.0,3
6706.0,1
6707.0,4
6708.0,2
6709.0,3
6710.0,2
6711.0,6
6712.0,2
6713.0,1
6714.0,1
6715.0,6
6716.0,5
6717.0,2
6718.0,2
6719.0,6
6720.0,3
6721.0,5
6722.0,1
6723.0,2
6724.0,5
6725.0,6
6726.0,2
6727.0,4
6728.0,2
6729.0,5
6730.0,3
6731.0,3
6732.0,4
6733.0,5
6734.0,1
6735.0,5
6736.0,3
6737.0,6
6738.0,5
6739.0,4
6740.0,3
6741.0,4
6742.0,3
6743.0,5
6744.0,1
6745.0,2
6746.0,3
6747.0,4
6748.0,2
6749.0,3
6750.0,6
6751.0,6
6752.0,3
6753.0,2
6754.0,6
6755.0,5
6756.0,3
6757.0,3
6758.0,4
6759.0,5
6760.0,3
6761.0,3
6762.0,6
6763.0,4
6764.0,2
6765.0,6
6766.0,1
6767.0,4
6768.0,5
6769.0,4
6770.0,6
6771.0,2
6772.0,4
6773.0,4
6774.0,6
6775.0,6
6776.0,3
6777.0,4
6778.0,5
6779.0,5
6780.0,1
6781.0,5
6782.0,2
6783.0,5
6784.0,3
6785.0,3
6786.0,1
6787.0,3
6788.0,1
6789.0,6
6790.0,6
6791.0,1
6792.0,2
6793.0,1
6794.0,3
6795.0,2
6796.0,2
6797.0,2
6798.0,4
6799.0,2
6800.0,6
6801.0,3
6802.0,5
6803.0,2
6804.0,2
6805.0,4
6806.0,1
6807.0,4
6808.0,1
6809.0,1
6810.0,2
6811.0,4
6812.0,5
6813.0,5
6814.0,3
6815.0,6
6816.0,1
6817.0,2
6818.0,5
6819.0,5
6820.0,1
6821.0,4
6822.0,5
6823.0,4
6824.0,1
6825.0,2
6826.0,6
6827.0,6
6828.0,3
6829.0,2
6830.0,1
6831.0,6
6832.0,4
6833.0,6
6834.0,1
6835.0,3
6836.0,6
6837.0,1
6838.0,2
6839.0,3
6840.0,1
6841.0,1
6842.0,2
6843.0,5
6844.0,6
6845.0,4
6846.0,5
6847.0,4
6848.0,6
6849.0,1
6850.0,6
6851.0,5
6852.0,5
6853.0,5
6854.0,6
6855.0,4
6856.0,4
6857.0,5
6858.0,1
6859.0,5
6860.0,1
6861.0,5
6862.0,5
6863.0,5
6864.0,2
6865.0,5
6866.0,3
6867.0,6
6868.0,2
6869.0,5
6870.0,5
6871.0,3
6872.0,3
6873.0,3
6874.0,1
6875.0,2
6876.0,6
6877.0,6
6878.0,6
6879.0,6
6880.0,4
6881.0,1
6882.0,5
6883.0,2
6884.0,1
6885.0,6
6886.0,5
6887.0,4
6888.0,1
6889.0,6
6890.0,6
6891.0,1
6892.0,6
6893.0,1
6894.0,1
6895.0,1
6896.0,1
6897.0,5
6898.0,5
6899.0,5
6900.0,1
6901.0,5
6902.0,5
6903.0,5
6904.0,5
6905.0,3
6906.0,3
6907.0,5
6908.0,3
6909.0,5
6910.0,5
6911.0,5
6912.0,5
6913.0,2
6914.0,4
6915.0,3
6916.0,4
6917.0,3
6918.0,3
6919.0,3
6920.0,1
6921.0,4
6922.0,4
6923.0,5
6924.0,1
6925.0,4
6926.0,5
6927.0,6
6928.0,5
6929.0,5
6930.0,5
6931.0,5
6932.0,6
6933.0,6
6934.0,2
6935.0,6
6936.0,4
6937.0,5
6938.0,5
6939.0,3
6940.0,2
6941.0,4
6942.0,6
6943.0,5
6944.0,2
6945.0,3
6946.0,5
6947.0,2
6948.0,4
6949.0,3
6950.0,1
6951.0,6
6952.0,2
6953.0,3
6954.0,2
6955.0,4
6956.0,4
6957.0,4
6958.0,2
6959.0,5
6960.0,6
6961.0,3
6962.0,2
6963.0,2
6964.0,4
6965.0,5
6966.0,6
6967.0,4
6968.0,5
6969.0,4
6970.0,6
6971.0,2
6972.0,3
6973.0,2
6974.0,1
6975.0,3
6976.0,3
6977.0,2
6978.0,4
6979.0,3
6980.0,1
6981.0,1
6982.0,4
6983.0,5
6984.0,4
6985.0,6
6986.0,3
6987.0,2
6988.0,5
6989.0,1
6990.0,1
6991.0,1
6992.0,1
6993.0,6
6994.0,1
6995.0,6
6996.0,3
6997.0,3
6998.0,5
6999.0,2
7000.0,6
7001.0,1
7002.0,4
7003.0,1
7004.0,3
7005.0,1
7006.0,4
7007.0,1
7008.0,1
7009.0,6
7010.0,1
7011.0,2
7012.0,4
7013.0,1
7014.0,3
7015.0,5
7016.0,2
7017.0,2
7018.0,4
7019.0,1
7020.0,3
7021.0,5
7022.0,3
7023.0,2
7024.0,6
7025.0,6
7026.0,1
7027.0,4
7028.0,5
7029.0,5
7030.0,5
7031.0,5
7032.0,5
7033.0,3
7034.0,6
7035.0,6
7036.0,1
7037.0,5
7038.0,5
7039.0,6
7040.0,6
7041.0,2
7042.0,4
7043.0,4
7044.0,4
7045.0,6
7046.0,3
7047.0,3
7048.0,4
7049.0,5
7050.0,6
7051.0,4
7052.0,5
7053.0,1
7054.0,2
7055.0,2
7056.0,3
7057.0,3
7058.0,6
7059.0,6
7060.0,4
7061.0,3
7062.0,4
7063.0,2
7064.0,4
7065.0,2
7066.0,3
7067.0,2
7068.0,6
7069.0,6
7070.0,4
7071.0,6
7072.0,4
7073.0,3
7074.0,5
7075.0,6
7076.0,1
7077.0,2
7078.0,4
7079.0,2
7080.0,6
7081.0,2
7082.0,6
7083.0,2
7084.0,4
7085.0,1
7086.0,6
7087.0,1
7088.0,5
7089.0,6
7090.0,4
7091.0,3
7092.0,5
7093.0,5
7094.0,1
7095.0,5
7096.0,3
7097.0,2
7098.0,6
7099.0,6
7100.0,2
7101.0,4
7102.0,6
7103.0,3
7104.0,5
7105.0,2
7106.0,6
7107.0,6
7108.0,4
7109.0,5
7110.0,2
7111.0,4
7112.0,1
7113.0,2
7114.0,6
7115.0,4
7116.0,2
7117.0,4
7118.0,5
7119.0,5
7120.0,5
7121.0,2
7122.0,2
7123.0,2
7124.0,5
7125.0,6
7126.0,4
7127.0,1
7128.0,6
7129.0,5
7130.0,6
7131.0,2
7132.0,1
7133.0,3
7134.0,1
7135.0,4
7136.0,4
7137.0,4
7138.0,5
7139.0,6
7140.0,5
7141.0,2
7142.0,5
7143.0,2
7144.0,-1
7145.0,5
7146.0,6
7147.0,1
7148.0,1
7149.0,4
7150.0,1
7151.0,2
7152.0,6
7153.0,5
7154.0,1
7155.0,1
7156.0,3
7157.0,4
7158.0,6
7159.0,6
7160.0,1
7161.0,6
7162.0,6
7163.0,3
7164.0,3
7165.0,3
7166.0,5
7167.0,1
7168.0,5
7169.0,5
7170.0,4
7171.0,3
7172.0,2
7173.0,2
7174.0,4
7175.0,3
7176.0,4
7177.0,2
7178.0,1
7179.0,3
7180.0,3
7181.0,3
7182.0,6
7183.0,6
7184.0,3
7185.0,5
7186.0,1
7187.0,6
7188.0,5
7189.0,5
7190.0,3
7191.0,1
7192.0,2
7193.0,4
7194.0,1
7195.0,5
7196.0,4
7197.0,3
7198.0,4
7199.0,5
7200.0,3
7201.0,6
7202.0,5
7203.0,6
7204.0,5
7205.0,3
7206.0,5
7207.0,6
7208.0,6
7209.0,3
7210.0,5
7211.0,3
7212.0,4
7213.0,3
7214.0,5
7215.0,6
7216.0,4
7217.0,1
7218.0,6
7219.0,5
7220.0,5
7221.0,2
7222.0,5
7223.0,2
7224.0,5
7225.0,3
7226.0,3
7227.0,1
7228.0,3
7229.0,6
7230.0,5
7231.0,3
7232.0,6
7233.0,5
7234.0,1
7235.0,4
7236.0,5
7237.0,3
7238.0,4
7239.0,2
7240.0,2
7241.0,1
7242.0,4
7243.0,6
7244.0,3
7245.0,6
7246.0,5
7247.0,2
7248.0,2
7249.0,2
7250.0,6
7251.0,4
7252.0,4
7253.0,3
7254.0,6
7255.0,2
7256.0,1
7257.0,6
7258.0,2
7259.0,3
7260.0,4
7261.0,5
7262.0,1
7263.0,3
7264.0,5
7265.0,3
7266.0,6
7267.0,6
7268.0,4
7269.0,2
7270.0,1
7271.0,1
7272.0,2
7273.0,1
7274.0,1
7275.0,5
7276.0,5
7277.0,6
7278.0,3
7279.0,6
7280.0,2
7281.0,2
7282.0,3
7283.0,2
7284.0,1
7285.0,3
7286.0,4
7287.0,1
7288.0,6
7289.0,6
7290.0,3
7291.0,1
7292.0,3
7293.0,3
7294.0,2
7295.0,2
7296.0,4
7297.0,5
7298.0,5
7299.0,5
7300.0,2
7301.0,3
7302.0,3
7303.0,1
7304.0,6
7305.0,5
7306.0,4
7307.0,1
7308.0,1
7309.0,4
7310.0,1
7311.0,6
7312.0,5
7313.0,1
7314.0,6
7315.0,-1
7316.0,1
7317.0,1
7318.0,3
7319.0,3
7320.0,3
7321.0,3
7322.0,3
7323.0,2
7324.0,1
7325.0,1
7326.0,6
7327.0,5
7328.0,3
7329.0,4
7330.0,3
7331.0,6
7332.0,3
7333.0,1
7334.0,2
7335.0,3
7336.0,4
7337.0,4
7338.0,4
7339.0,5
7340.0,4
7341.0,1
7342.0,4
7343.0,4
7344.0,1
7345.0,2
7346.0,1
7347.0,1
7348.0,4
7349.0,3
7350.0,6
7351.0,1
7352.0,5
7353.0,2
7354.0,1
7355.0,4
7356.0,5
7357.0,3
7358.0,4
7359.0,6
7360.0,1
7361.0,3
7362.0,2
7363.0,2
7364.0,3
7365.0,3
7366.0,2
7367.0,5
7368.0,3
7369.0,3
7370.0,6
7371.0,6
7372.0,4
7373.0,5
7374.0,6
7375.0,2
7376.0,5
7377.0,5
7378.0,1
7379.0,2
7380.0,1
7381.0,6
7382.0,3
7383.0,6
7384.0,6
7385.0,4
7386.0,1
7387.0,4
7388.0,1
7389.0,2
7390.0,1
7391.0,1
7392.0,2
7393.0,6
7394.0,2
7395.0,5
7396.0,4
7397.0,5
7398.0,3
7399.0,1
7400.0,6
7401.0,2
7402.0,1
7403.0,1
7404.0,6
7405.0,3
7406.0,3
7407.0,5
7408.0,5
7409.0,1
7410.0,1
7411.0,5
7412.0,6
7413.0,4
7414.0,4
7415.0,2
7416.0,5
7417.0,3
7418.0,3
7419.0,6
7420.0,6
7421.0,1
7422.0,2
7423.0,2
7424.0,1
7425.0,6
7426.0,2
7427.0,6
7428.0,4
7429.0,5
7430.0,6
7431.0,2
7432.0,1
7433.0,3
7434.0,3
7435.0,2
7436.0,2
7437.0,3
7438.0,2
7439.0,5
7440.0,1
7441.0,2
7442.0,4
7443.0,1
7444.0,6
7445.0,2
7446.0,6
7447.0,6
7448.0,2
7449.0,6
7450.0,5
7451.0,4
7452.0,4
7453.0,5
7454.0,6
7455.0,5
7456.0,1
7457.0,1
7458.0,3
7459.0,6
7460.0,4
7461.0,3
7462.0,1
7463.0,2
7464.0,1
7465.0,3
7466.0,2
7467.0,3
7468.0,4
7469.0,4
7470.0,4
7471.0,1
7472.0,1
7473.0,5
7474.0,6
7475.0,1
7476.0,5
7477.0,5
7478.0,5
7479.0,4
7480.0,4
7481.0,5
7482.0,5
7483.0,3
7484.0,1
7485.0,4
7486.0,1
7487.0,3
7488.0,6
7489.0,1
7490.0,2
7491.0,3
7492.0,2
7493.0,1
7494.0,5
7495.0,3
7496.0,3
7497.0,1
7498.0,3
7499.0,1
7500.0,2
7501.0,6
7502.0,5
7503.0,3
7504.0,5
7505.0,2
7506.0,6
7507.0,1
7508.0,2
7509.0,1
7510.0,3
7511.0,5
7512.0,1
7513.0,1
7514.0,3
7515.0,2
7516.0,2
7517.0,4
7518.0,3
7519.0,4
7520.0,2
7521.0,4
7522.0,3
7523.0,4
7524.0,4
7525.0,3
7526.0,5
7527.0,1
7528.0,4
7529.0,5
7530.0,3
7531.0,1
7532.0,6
7533.0,3
7534.0,5
7535.0,4
7536.0,3
7537.0,1
7538.0,6
7539.0,1
7540.0,3
7541.0,2
7542.0,6
7543.0,3
7544.0,4
7545.0,6
7546.0,4
7547.0,1
7548.0,3
7549.0,1
7550.0,3
7551.0,6
7552.0,2
7553.0,4
7554.0,5
7555.0,4
7556.0,3
7557.0,5
7558.0,2
7559.0,5
7560.0,1
7561.0,6
7562.0,4
7563.0,3
7564.0,5
7565.0,1
7566.0,6
7567.0,5
7568.0,3
7569.0,1
7570.0,3
7571.0,3
7572.0,5
7573.0,6
7574.0,2
7575.0,3
7576.0,2
7577.0,2
7578.0,3
7579.0,4
7580.0,1
7581.0,2
7582.0,2
7583.0,4
7584.0,3
7585.0,1
7586.0,4
7587.0,4
7588.0,6
7589.0,3
7590.0,5
7591.0,6
7592.0,3
7593.0,1
7594.0,2
7595.0,3
7596.0,3
7597.0,1
7598.0,3
7599.0,3
7600.0,4
7601.0,1
7602.0,1
7603.0,2
7604.0,5
7605.0,6
7606.0,2
7607.0,1
7608.0,2
7609.0,5
7610.0,2
7611.0,2
7612.0,4
7613.0,3
7614.0,4
7615.0,5
7616.0,5
7617.0,2
7618.0,1
7619.0,3
7620.0,2
7621.0,5
7622.0,1
7623.0,1
7624.0,3
7625.0,1
7626.0,5
7627.0,6
7628.0,5
7629.0,6
7630.0,3
7631.0,6
7632.0,5
7633.0,4
7634.0,6
7635.0,4
7636.0,3
7637.0,1
7638.0,3
7639.0,6
7640.0,2
7641.0,4
7642.0,6
7643.0,6
7644.0,4
7645.0,2
7646.0,3
7647.0,5
7648.0,4
7649.0,2
7650.0,3
7651.0,6
7652.0,5
7653.0,2
7654.0,1
7655.0,1
7656.0,6
7657.0,1
7658.0,5
7659.0,2
7660.0,2
7661.0,3
7662.0,4
7663.0,6
7664.0,2
7665.0,1
7666.0,5
7667.0,4
7668.0,2
7669.0,6
7670.0,5
7671.0,1
7672.0,6
7673.0,6
7674.0,4
7675.0,1
7676.0,5
7677.0,5
7678.0,6
7679.0,2
7680.0,1
7681.0,2
7682.0,3
7683.0,1
7684.0,5
7685.0,6
7686.0,5
7687.0,6
7688.0,3
7689.0,3
7690.0,4
7691.0,5
7692.0,4
7693.0,4
7694.0,1
7695.0,6
7696.0,1
7697.0,3
7698.0,6
7699.0,5
7700.0,2
7701.0,6
7702.0,4
7703.0,4
7704.0,1
7705.0,6
7706.0,6
7707.0,3
7708.0,6
7709.0,5
7710.0,5
7711.0,1
7712.0,4
7713.0,1
7714.0,6
7715.0,6
7716.0,2
7717.0,2
7718.0,5
7719.0,5
7720.0,1
7721.0,3
7722.0,1
7723.0,5
7724.0,1
7725.0,3
7726.0,3
7727.0,2
7728.0,1
7729.0,6
7730.0,6
7731.0,5
7732.0,2
7733.0,2
7734.0,2
7735.0,6
7736.0,4
7737.0,2
7738.0,5
7739.0,4
7740.0,2
7741.0,5
7742.0,2
7743.0,5
7744.0,4
7745.0,1
7746.0,1
7747.0,3
7748.0,1
7749.0,2
7750.0,6
7751.0,6
7752.0,1
7753.0,2
7754.0,6
7755.0,5
7756.0,3
7757.0,5
7758.0,2
7759.0,2
7760.0,1
7761.0,2
7762.0,5
7763.0,1
7764.0,3
7765.0,6
7766.0,3
7767.0,6
7768.0,3
7769.0,6
7770.0,4
7771.0,2
7772.0,6
7773.0,2
7774.0,2
7775.0,1
7776.0,1
7777.0,1
7778.0,5
7779.0,3
7780.0,2
7781.0,2
7782.0,2
7783.0,2
7784.0,4
7785.0,5
7786.0,5
7787.0,6
7788.0,6
7789.0,1
7790.0,4
7791.0,3
7792.0,3
7793.0,2
7794.0,3
7795.0,5
7796.0,4
7797.0,2
7798.0,3
7799.0,3
7800.0,6
7801.0,6
7802.0,1
7803.0,4
7804.0,4
7805.0,1
7806.0,3
7807.0,6
7808.0,5
7809.0,1
7810.0,3
7811.0,2
7812.0,5
7813.0,1
7814.0,6
7815.0,5
7816.0,5
7817.0,2
7818.0,4
7819.0,3
7820.0,4
7821.0,5
7822.0,1
7823.0,5
7824.0,1
7825.0,1
7826.0,6
7827.0,1
7828.0,1
7829.0,2
7830.0,1
7831.0,3
7832.0,4
7833.0,1
7834.0,2
7835.0,1
7836.0,4
7837.0,1
7838.0,3
7839.0,2
7840.0,4
7841.0,6
7842.0,4
7843.0,1
7844.0,5
7845.0,4
7846.0,5
7847.0,3
7848.0,6
7849.0,4
7850.0,3
7851.0,3
7852.0,3
7853.0,4
7854.0,3
7855.0,3
7856.0,3
7857.0,5
7858.0,5
7859.0,3
7860.0,3
7861.0,6
7862.0,1
7863.0,1
7864.0,5
7865.0,4
7866.0,6
7867.0,4
7868.0,6
7869.0,4
7870.0,2
7871.0,3
7872.0,5
7873.0,6
7874.0,2
7875.0,3
7876.0,5
7877.0,3
7878.0,3
7879.0,6
7880.0,2
7881.0,3
7882.0,6
7883.0,2
7884.0,5
7885.0,1
7886.0,1
7887.0,3
7888.0,6
7889.0,4
7890.0,2
7891.0,2
7892.0,5
7893.0,4
7894.0,3
7895.0,4
7896.0,1
7897.0,4
7898.0,3
7899.0,6
7900.0,5
7901.0,5
7902.0,5
7903.0,3
7904.0,5
7905.0,4
7906.0,2
7907.0,3
7908.0,3
7909.0,4
7910.0,6
7911.0,6
7912.0,5
7913.0,5
7914.0,5
7915.0,6
7916.0,3
7917.0,3
7918.0,2
7919.0,1
7920.0,5
7921.0,5
7922.0,1
7923.0,2
7924.0,6
7925.0,2
7926.0,6
7927.0,5
7928.0,1
7929.0,3
7930.0,4
7931.0,4
7932.0,5
7933.0,6
7934.0,4
7935.0,1
7936.0,3
7937.0,3
7938.0,2
7939.0,3
7940.0,1
7941.0,6
7942.0,3
7943.0,1
7944.0,5
7945.0,1
7946.0,1
7947.0,4
7948.0,2
7949.0,6
7950.0,3
7951.0,3
7952.0,2
7953.0,5
7954.0,4
7955.0,5
7956.0,4
7957.0,4
7958.0,2
7959.0,3
7960.0,6
7961.0,1
7962.0,4
7963.0,6
7964.0,6
7965.0,4
7966.0,5
7967.0,2
7968.0,4
7969.0,3
7970.0,4
7971.0,6
7972.0,1
7973.0,4
7974.0,2
7975.0,3
7976.0,5
7977.0,6
7978.0,2
7979.0,5
7980.0,5
7981.0,5
7982.0,3
7983.0,6
7984.0,6
7985.0,2
7986.0,6
7987.0,6
7988.0,2
7989.0,5
7990.0,2
7991.0,4
7992.0,3
7993.0,5
7994.0,2
7995.0,1
7996.0,6
7997.0,4
7998.0,1
7999.0,3
,2
,1
,3
,5
,5
,1
,4
,1
,2
,3
,2
,3
,5
,5
,4
,5
,3
,5
,2
,2
,6
,5
,2
,4
,1
,2
,3
,2
,1
,3
,2
,3
,1
,3
,5
,2
,6
,5
,5
,6
,4
,3
,5
,5
,3
,3
,6
,1
,4
,2
,3
,1
,6
,2
,2
,4
,4
,2
,5
,1
,1
,4
,5
,5
,6
,2
,1
,6
,6
,3
,4
,3
,6
,5
,6
,5
,6
,5
,4
,6
,2
,3
,5
,3
,1
,1
,3
,6
,6
,6
,3
,6
,4
,3
,3
,5
,2
,1
,1
,3
,2
,1
,1
,4
,2
,4
,4
,4
,6
,5
,6
,3
,2
,5
,4
,5
,4
,5
,3
,3
,4
,4
,2
,5
,6
,6
,2
,3
,4
,5
,1
,5
,1
,1
,1
,6
,5
,2
,6
,4
,2
,5
,4
,6
,6
,1
,4
,6
,3
,1
,4
,1
,3
,5
,5
,2
,2
,5
,2
,1
,1
,5
,5
,6
,3
,6
,5
,5
,5
,2
,3
,6
,6
,5
,2
,2
,6
,1
,5
,1
,2
,1
,4
,5
,4
,5
,6
,2
,1
,4
,3
,2
,6
,1
,6
,4
,2
,4
,3
,5
,6
,5
,2
,6
,1
,2
,4
,6
,1
,2
,3
,3
,3
,2
,1
,4
,3
,5
,2
,5
,2
,3
,3
,1
,5
,4
,5
,4
,2
,4
,1
,1
,5
,2
,2
,3
,5
,1
,6
,4
,3
,6
,5
,1
,2
,3
,2
,5
,2
,1
,1
,3
,2
,3
,1
,1
,4
,2
,2
,5
,1
,6
,5
,5
,4
,4
,2
,1
,2
,4
,4
,2
,5
,5
,3
,2
,5
,3
,1
,6
,4
,5
,6
,5
,5
,5
,3
,6
,4
,4
,6
,5
,5
,5
,2
,5
,2
,4
,4
,2
,4
,4
,6
,1
,6
,1
,2
,2
,6
,2
,1
,1
,4
,4
,5
,4
,6
,5
,2
,4
,1
,1
,3
,6
,5
,4
,5
,1
,5
,1
,5
,1
,2
,1
,3
,3
,5
,2
,1
,2
,4
,6
,4
,2
,3
,2
,4
,5
,1
,2
,5
,6
,5
,2
,1
,2
,6
,2
,5
,5
,1
,3
,6
,2
,4
,5
,3
,3
,6
,1
,6
,1
,6
,5
,3
,4
,4
,6
,1
,3
,5
,2
,4
,2
,4
,4
,6
,3
,3
,4
,6
,4
,1
,5
,4
,4
,3
,4
,5
,4
,2
,6
,6
,3
,4
,2
,6
,4
,3
,2
,1
,2
,6
,1
,3
,6
,1
,6
,3
,4
,2
,2
,3
,3
,4
,6
,3
,6
,5
,3
,6
,1
,3
,5
,1
,3
,2
,3
,5
,1
,3
,2
,5
,3
,5
,1
,5
,3
,2
,5
,4
,4
,1
,5
,2
,5
,1
,5
,5
,5
,1
,1
,5
,6
,6
,4
,3
,1
,6
,4
,6
,2
,4
,5
,4
,3
,6
,5
,6
,5
,4
,1
,2
,4
,4
,4
,3
,1
,1
,1
,5
,6
,4
,6
,6
,5
,2
,4
,4
,1
,5
,6
,5
,1
,3
,4
,1
,3
,5
,3
,4
,5
,6
,3
,3
,4
,6
,5
,1
,4
,3
,6
,4
,5
,4
,2
,6
,4
,3
,5
,5
,3
,3
,4
,4
,5
,4
,6
,5
,4
,3
,3
,6
,5
,2
,3
,1
,5
,4
,3
,5
,5
,2
,5
,1
,4
,3
,1
,4
,1
,3
,3
,1
,2
,2
,5
,6
,6
,5
,3
,5
,4
,3
,1
,3
,5
,6
,5
,3
,3
,1
,6
,4
,1
,2
,5
,5
,5
,4
,3
,2
,5
,3
,2
,5
,2
,1
,5
,6
,5
,1
,2
,6
,2
,2
,1
,2
,5
,1
,5
,3
,6
,6
,6
,3
,2
,4
,5
,5
,3
,3
,6
,4
,5
,2
,5
,5
,5
,2
,4
,6
,2
,2
,2
,5
,1
,3
,5
,2
,6
,6
,3
,1
,1
,3
,3
,2
,1
,2
,4
,5
,2
,6
,6
,1
,4
,1
,3
,5
,5
,4
,3
,4
,5
,2
,3
,1
,6
,6
,1
,3
,2
,1
,5
,3
,6
,6
,5
,3
,1
,6
,2
,2
,5
,5
,2
,4
,4
,3
,3
,1
,6
,3
,5
,5
,2
,3
,1
,3
,1
,4
,2
,5
,5
,2
,4
,2
,4
,4
,4
,2
,1
,3
,4
,3
,6
,3
,5
,5
,4
,1
,1
,1
,4
,6
,1
,2
,4
,2
,2
,6
,3
,5
,5
,6
,4
,5
,3
,4
,5
,4
,5
,3
,2
,5
,4
,5
,2
,4
,4
,2
,3
,4
,6
,1
,2
,5
,1
,6
,3
,2
,5
,5
,2
,4
,6
,6
,4
,5
,6
,1
,4
,1
,6
,1
,6
,1
,6
,5
,6
,4
,2
,5
,6
,4
,5
,3
,6
,6
,3
,4
,1
,5
,6
,2
,2
,3
,6
,2
,2
,2
,1
,3
,3
,6
,5
,6
,6
,4
,4
,2
,2
,2
,5
,4
,5
,3
,5
,1
,2
,3
,4
,6
,6
,1
,3
,6
,3
,1
,1
,2
,1
,2
,6
,3
,5
,1
,5
,5
,2
,5
,6
,3
,3
,6
,3
,2
,3
,1
,6
,1
,4
,1
,3
,6
,6
,1
,3
,4
,3
,3
,3
,1
,6
,5
,6
,6
,1
,2
,2
,2
,3
,6
,5
,2
,4
,3
,1
,1
,4
,6
,4
,6
,1
,4
,1
,4
,1
,4
,6
,5
,3
,4
,6
,3
,3
,5
,2
,5
,5
,2
,3
,2
,6
,1
,4
,6
,3
,6
,2
,5
,5
,4
,4
,5
,2
,5
,6
,5
,2
,3
,3
,6
,1
,5
,2
,2
,3
,5
,2
,5
,2
,2
,2
,1
,3
,6
,6
,5
,3
,1
,6
,2
,4
,6
,3
,1
,5
,2
,6
,2
,3
,1
,2
,3
,1
,1
,2
,5
,3
,3
,6
,5
,2
,4
,4
,3
,5
,4
,6
,4
,4
,1
,4
,6
,4
,2
,4
,6
,2
,4
,6
,5
,1
,3
,1
,2
,5
,2
,5
,3
,5
,2
,5
,6
,4
,6
,5
,6
,6
,1
,1
,2
,1
,4
,4
,6
,1
,1
,1
,4
,3
,6
,3
,6
,5
,6
,2
,3
,3
,3
,2
,2
,4
,3
,3
,4
,6
,5
,5
,3
,1
,1
,4
,2
,5
,2
,2
,6
,1
,5
,3
,6
,2
,1
,2
,5
,2
,5
,2
,5
,2
,2
,4
,6
,6
,3
,3
,1
,4
,6
,5
,2
,4
,6
,6
,5
,2
,2
,5
,6
,5
,5
,3
,4
,5
,6
,6
,4
,5
,4
,2
,3
,5
,6
,6
,2
,4
,3
,4
,1
,1
,6
,4
,6
,6
,4
,2
,2
,1
,5
,2
,2
,2
,5
,5
,4
,4
,3
,2
,2
,1
,6
,3
,2
,2
,4
,5
,5
,4
,5
,5
,4
,5
,5
,1
,6
,3
,4
,1
,3
,5
,2
,3
,3
,1
,6
,3
,4
,2
,2
,3
,4
,6
,3
,5
,2
,2
,3
,3
,1
,4
,3
,1
,2
,2
,6
,6
,5
,5
,4
,1
,1
,3
,2
,5
,5
,3
,4
,5
,4
,6
,3
,1
,1
,2
,5
,1
,6
,4
,5
,3
,3
,1
,2
,2
,4
,3
,1
,2
,5
,2
,2
,6
,6
,3
,5
,3
,5
,5
,5
,3
,4
,4
,1
,3
,6
,6
,3
,2
,6
,1
,3
,3
,6
,5
,1
,2
,3
,4
,6
,2
,2
,6
,4
,2
,4
,5
,4
,1
,6
,2
,6
,4
,6
,3
,6
,6
,6
,2
,6
,1
,3
,6
,6
,1
,4
,3
,2
,5
,1
,6
,3
,2
,1
,6
,1
,2
,3
,1
,5
,3
,1
,4
,1
,4
,6
,5
,1
,1
,4
,6
,4
,5
,1
,3
,6
,1
,2
,4
,6
,5
,1
,4
,5
,1
,5
,4
,5
,5
,4
,4
,4
,2
,6
,2
,5
,1
,3
,4
,6
,5
,2
,5
,1
,5
,2
,5
,4
,6
,5
,6
,2
,3
,6
,4
,2
,3
,4
,1
,2
,5
,3
,4
,1
,2
,2
,6
,5
,6
,6
,5
,5
,6
,4
,4
,4
,3
,2
,3
,6
,1
,1
,5
,5
,4
,6
,4
,2
,6
,4
,6
,3
,5
,4
,5
,1
,6
,4
,2
,6
,4
,5
,6
,3
,4
,4
,5
,6
,2
,1
,2
,6
,1
,3
,1
,3
,1
,5
,4
,4
,4
,2
,3
,3
,1
,1
,4
,2
,2
,2
,3
,6
,5
,5
,5
,3
,2
,4
,6
,2
,4
,4
,4
,6
,6
,1
,6
,3
,2
,3
,6
,6
,6
,2
,3
,3
,2
,4
,1
,3
,3
,2
,4
,6
,2
,4
,6
,5
,1
,1
,4
,1
,1
,5
,2
,1
,6
,5
,6
,1
,3
,3
,3
,3
,3
,3
,6
,5
,4
,2
,6
,6
,6
,3
,1
,5
,2
,6
,5
,1
,6
,1
,6
,4
,5
,5
,3
,2
,2
,5
,5
,3
,3
,2
,6
,3
,2
,1
,4
,4
,4
,4
,4
,4
,5
,1
,2
,4
,1
,2
,5
,4
,4
,1
,4
,5
,-1
,4
,2
,6
,6
,5
,6
,2
,3
,2
,2
,4
,2
,1
,2
,5
,4
,6
,2
,1
,6
,1
,2
,6
,5
,1
,3
,4
,3
,3
,3
,2
,6
,1
,5
,3
,3
,6
,5
,5
,3
,6
,6
,1
,5
,6
,3
,1
,6
,5
,3
,4
,4
,2
,2
,5
,2
,2
,6
,1
,6
,6
,3
,3
,2
,6
,2
,2
,2
,5
,6
,4
,1
,4
,3
,1
,6
,5
,2
,6
,6
,1
,5
,3
,4
,4
,1
,2
,5
,3
,3
,5
,1
,3
,5
,6
,5
,4
,5
,3
,4
,4
,4
,4
,4
,1
,2
,4
,4
,2
,5
,5
,5
,6
,2
,2
,6
,1
,2
,1
,2
,2
,2
,4
,3
,6
,1
,3
,5
,2
,5
,3
,6
,3
,2
,5
,5
,4
,4
,1
,2
,6
,5
,1
,2
,6
,4
,5
,5
,2
,5
,2
,5
,3
,3
,4
,1
,6
,1
,2
,5
,6
,2
,4
,6
,3
,5
,4
,5
,5
,3
,4
,2
,5
,1
,1
,5
,4
,3
,3
,6
,4
,4
,1
,6
,1
,1
,5
,3
,3
,1
,1
,6
,5
,4
,2
,5
,3
,2
,4
,2
,4
,5
,2
,6
,1
,1
,2
,4
,5
,1
,6
,6
,3
,6
,4
,5
,2
,5
,4
,4
,6
,1
,6
,1
,6
,5
,5
,2
,3
,6
,1
,5
,4
,2
,4
,4
,1
,5
,3
,3
,6
,4
,6
,5
,3
,2
,5
,6
,3
,4
,2
,5
,6
,6
,5
,2
,2
,1
,5
,6
,2
,6
,2
,4
,4
,6
,5
,3
,6
,1
,3
,2
,2
,4
,3
,4
,4
,1
,3
,3
,4
,2
,1
,3
,1
,1
,3
,4
,4
,1
,2
,3
,1
,3
,5
,1
,3
,3
,5
,2
,5
,6
,6
,6
,6
,4
,2
,2
,4
,6
,1
,6
,1
,3
,4
,5
,5
,1
,2
,6
,5
,4
,6
,1
,2
,3
,2
,4
,6
,1
,6
,2
,2
,2
,1
,1
,4
,2
,3
,2
,6
,4
,6
,4
,5
,3
,6
,3
,6
,6
,2
,1
,4
,1
,1
,2
,3
,5
,2
,2
,6
,5
,5
,4
,6
,2
,6
,5
,2
,6
,6
,5
,5
,5
,6
,4
,3
,4
,5
,5
,6
,1
,4
,1
,5
,4
,5
,2
,4
,6
,3
,4
,2
,3
,1
,3
,1
,1
,1
,2
,4
,2
,5
,6
,3
,3
,2
,5
,6
,5
,1
,6
,2
,5
,3
,2
,3
,3
,5
,1
,6
,4
,2
,2
,6
,3
,1
,4
,5
,2
,6
,1
,6
,4
,-1
,4
,3
,5
,4
,4
,3
,1
,5
,2
,6
,2
,2
,5
,5
,6
,5
,5
,6
,5
,4
,4
,4
,6
,6
,2
,5
,4
,6
,3
,4
,2
,3
,1
,1
,5
,1
,1
,4
,5
,1
,4
,1
,4
,1
,5
,3
,4
,4
,5
,2
,6
,3
,2
,4
,3
,1
,5
,1
,2
,2
,6
,2
,4
,2
,5
,4
,4
